row,offset,id,string
0,0,0,""
1,1,1,""
2,2,2,"defs.qc"
3,10,3,"subs.qc"
4,18,4,"No speed is defined!"
5,39,5,"DelayedUse"
6,50,6,"player"
7,57,7,"misc/talk.wav"
8,71,8,"airmisc.qc"
9,82,9,"speech/f2_a.wav"
10,98,10,"speech/f2_b.wav"
11,114,11,"speech/f2_c.wav"
12,130,12,"speech/f2_d.wav"
13,146,13,"speech/f2_e.wav"
14,162,14,"speech/f2_f.wav"
15,178,15,"speech/f2_g.wav"
16,194,16,"speech/f3_a.wav"
17,210,17,"speech/f3_b.wav"
18,226,18,"speech/f3_c.wav"
19,242,19,"speech/f3_d.wav"
20,258,20,"speech/f3_e.wav"
21,274,21,"speech/f3_f.wav"
22,290,22,"speech/f3_g.wav"
23,306,23,"speech/f4_a.wav"
24,322,24,"speech/f4_b.wav"
25,338,25,"speech/f4_c.wav"
26,354,26,"speech/f4_d.wav"
27,370,27,"speech/f4_e.wav"
28,386,28,"speech/f4_f.wav"
29,402,29,"speech/f4_g.wav"
30,418,30,"speech/f5_a.wav"
31,434,31,"speech/f5_b.wav"
32,450,32,"speech/f5_c.wav"
33,466,33,"speech/f5_d.wav"
34,482,34,"speech/f5_e.wav"
35,498,35,"speech/f5_f.wav"
36,514,36,"speech/f5_g.wav"
37,530,37,"speech/f6_a.wav"
38,546,38,"speech/f6_b.wav"
39,562,39,"speech/f6_c.wav"
40,578,40,"speech/f6_d.wav"
41,594,41,"speech/f6_e.wav"
42,610,42,"speech/f6_f.wav"
43,626,43,"speech/f6_g.wav"
44,642,44,"speech/f7_a.wav"
45,658,45,"speech/f7_b.wav"
46,674,46,"speech/f7_c.wav"
47,690,47,"speech/f7_d.wav"
48,706,48,"speech/f7_e.wav"
49,722,49,"speech/f7_f.wav"
50,738,50,"speech/f7_g.wav"
51,754,51,"speech/f8_a.wav"
52,770,52,"speech/f8_b.wav"
53,786,53,"speech/f8_c.wav"
54,802,54,"speech/f8_d.wav"
55,818,55,"speech/f8_e.wav"
56,834,56,"speech/f8_f.wav"
57,850,57,"speech/f8_g.wav"
58,866,58,"speech/fc_1.wav"
59,882,59,"speech/fc_2.wav"
60,898,60,"speech/fc_3.wav"
61,914,61,"speech/fc_4.wav"
62,930,62,"speech/mc_1.wav"
63,946,63,"speech/mc_2.wav"
64,962,64,"speech/mc_3.wav"
65,978,65,"speech/mc_4.wav"
66,994,66,"speech/mc_5.wav"
67,1010,67,"speech/mc_6.wav"
68,1026,68,"speech/mc_7.wav"
69,1042,69,"fight.qc"
70,1051,70,"ai.qc"
71,1057,71,"monster_drone2"
72,1072,72,"path_corner"
73,1084,73,"tank"
74,1089,74,"monster_rad"
75,1101,75,"progs/plane3.mdl"
76,1118,76,"progs/plane3b.mdl"
77,1136,77,"monster_dragon"
78,1151,78,"combat.qc"
79,1161,79," destroys enemy "
80,1178,80,"\n"
81,1180,81," has fun bombing friendly forces\n"
82,1214,82,"plane"
83,1220,83,"monster_drone"
84,1234,84,"items/protect3.wav"
85,1253,85,"monster_shambler"
86,1270,86,"weapons.qc"
87,1281,87,"weapons/r_exp3.wav"
88,1300,88,"weapons/rocket1i.wav"
89,1321,89,"weapons/sgun1.wav"
90,1339,90,"weapons/guncock.wav"
91,1359,91,"weapons/ric1.wav"
92,1376,92,"weapons/ric2.wav"
93,1393,93,"weapons/ric3.wav"
94,1410,94,"weapons/spike2.wav"
95,1429,95,"weapons/tink1.wav"
96,1447,96,"weapons/grenade.wav"
97,1467,97,"weapons/bounce.wav"
98,1486,98,"weapons/shotgn2.wav"
99,1506,99,"progs/zom_gib.mdl"
100,1524,100,"progs/s_explod.spr"
101,1543,101,"spike"
102,1549,102,"progs/spike.mdl"
103,1565,103,"wizspike"
104,1574,104,"knightspike"
105,1586,105,"no weapon.\n"
106,1598,106,"not enough ammo.\n"
107,1616,107,"quad cheat\n"
108,1628,108,"thrust: 0%\n"
109,1640,109,"thrust: 25%\n"
110,1653,110,"thrust: 50%\n"
111,1666,111,"thrust: 75%\n"
112,1679,112,"thrust:100%\n"
113,1692,113,"Missile view on\n"
114,1709,114,"Missile view off\n"
115,1727,115,"items/damage3.wav"
116,1745,116,"acitems.qc"
117,1756,117,"items/itembk2.wav"
118,1774,118,"You got the "
119,1787,119,"weapons/lock4.wav"
120,1805,120,"bf\n"
121,1809,121,"progs/box1.mdl"
122,1824,122,"nails"
123,1830,123,"rockets"
124,1838,124,"shells"
125,1845,125,"missiles"
126,1854,126,"progs/imaver.mdl"
127,1871,127,"AS missiles"
128,1883,128,"progs/bomb.mdl"
129,1898,129,"bombs"
130,1904,130,"cells"
131,1910,131,"progs/mine.mdl"
132,1925,132,"mines"
133,1931,133,"items/health1.wav"
134,1949,134,"health"
135,1956,135,"Blue officer"
136,1969,136,"Red officer"
137,1981,137," has been returned to the base.\n"
138,2014,138," made a capture!\n"
139,2032,139," picked up "
140,2044,140,"the enemy officer!\n"
141,2064,141,"progs/player.mdl"
142,2081,142,"acguns.qc"
143,2091,143,"progs/s_bigbom.spr"
144,2110,144,"mine"
145,2115,145,"autocann.wav"
146,2128,146,"progs/bullet.mdl"
147,2145,147,"enforcer/enfstop.wav"
148,2166,148,"enforcer/enfire.wav"
149,2186,149,"progs/laser.mdl"
150,2202,150,"laser"
151,2208,151,"monster_enforcer"
152,2225,152,"rocklnch.wav"
153,2238,153,"progs/rocket1.mdl"
154,2256,154,"missile"
155,2264,155,"bomb"
156,2269,156,"progs/pave.mdl"
157,2284,157,"progs/rcbo.mdl"
158,2299,158,"detpak"
159,2306,159,"play in1.wav\n"
160,2320,160,"Incoming missile!\n"
161,2339,161,"progs/rocket2.mdl"
162,2357,162,"progs/sider.mdl"
163,2373,163,"progs/amraam.mdl"
164,2390,164,"progs/sting.mdl"
165,2406,165,"progs/maver.mdl"
166,2422,166,"progs/hfire.mdl"
167,2438,167,"progs/s_plasma.spr"
168,2457,168,"dsfirxpl.wav"
169,2470,169,"dsplasma.wav"
170,2483,170,"progs/pbullet.mdl"
171,2501,171,"plasma"
172,2508,172,"flare"
173,2514,173,"progs/lavaball.mdl"
174,2533,174,"ac.qc"
175,2539,175,"progs/null.spr"
176,2554,176,"fireball"
177,2563,177," goes for a swim\n"
178,2581,178," commits self-destruction\n"
179,2608,179," has some target practise\n"
180,2635,180," is destroyed by "
181,2653,181," was destroyed by a drone!\n"
182,2681,182,"monster_helo"
183,2694,183," was destroyed by a Chopper\n"
184,2723,184,"monster_sam"
185,2735,185," was shot by a SAM launcher\n"
186,2764,186,"monster_aag"
187,2776,187," was shot by an Anti-aircraft gun\n"
188,2811,188,"monster_amg"
189,2823,189," was shot by a machine gun turret\n"
190,2858,190,"monster_etank"
191,2872,191," was destroyed by a tank\n"
192,2898,192,"monster_emsam"
193,2912,193," was shot by a mobile SAM\n"
194,2939,194,"monster_ehmmv"
195,2953,195," was outgunned by an armoured car\n"
196,2988,196,"explo_box"
197,2998,197," blew up\n"
198,3008,198," was squished\n"
199,3023,199,"trap_shooter"
200,3036,200,"trap_spikeshooter"
201,3054,201," was spiked\n"
202,3067,202," ate a lavaball\n"
203,3084,203,"trigger_changelevel"
204,3104,204," tried to leave\n"
205,3121,205," exploded\n"
206,3132,206,"func_runway"
207,3144,207,"Landed.\n"
208,3153,208,"touchdwn.wav"
209,3166,209," crashed into "
210,3181,210,"func_xwall"
211,3192,211,"a building"
212,3203,212,"a runway"
213,3212,213,"the ground\n"
214,3224,214,"he.qc"
215,3230,215,"func_button"
216,3242,216,"sv_gravity"
217,3253,217,"plane.qc"
218,3262,218,"engines/jet0.wav"
219,3279,219,"engines/jet1.wav"
220,3296,220,"engines/jet2.wav"
221,3313,221,"engines/jet3.wav"
222,3330,222,"engines/jet4.wav"
223,3347,223,"engines/jet5.wav"
224,3364,224,"engines/jet6.wav"
225,3381,225,"engines/jet7.wav"
226,3398,226,"engines/jet8.wav"
227,3415,227,"ground.qc"
228,3425,228,"plane1.qc"
229,3435,229,"progs/v_auto.mdl"
230,3452,230,"progs/v_rock.mdl"
231,3469,231,"progs/v_sider.mdl"
232,3487,232,"progs/v_amra.mdl"
233,3504,233,"progs/plane1.mdl"
234,3521,234,"progs/plane1b.mdl"
235,3539,235,"plane2.qc"
236,3549,236,"progs/v_bomb.mdl"
237,3566,237,"progs/v_maver.mdl"
238,3584,238,"progs/plane2.mdl"
239,3601,239,"progs/plane2b.mdl"
240,3619,240,"progs/s_target.spr"
241,3638,241,"plane3.qc"
242,3648,242,"progs/v_pave.mdl"
243,3665,243,"plane4.qc"
244,3675,244,"progs/plane4.mdl"
245,3692,245,"progs/plane4b.mdl"
246,3710,246,"plane5.qc"
247,3720,247,"progs/v_plas.mdl"
248,3737,248,"progs/plane5.mdl"
249,3754,249,"progs/plane5b.mdl"
250,3772,250,"helo1.qc"
251,3781,251,"progs/v_hell.mdl"
252,3798,252,"engines/chopper.wav"
253,3818,253,"progs/helo1.mdl"
254,3834,254,"progs/helo1b.mdl"
255,3851,255,"ground1.qc"
256,3862,256,"engines/tank0.wav"
257,3880,257,"engines/tank1.wav"
258,3898,258,"engines/tank2.wav"
259,3916,259,"engines/tank3.wav"
260,3934,260,"engines/tank4.wav"
261,3952,261,"engines/tank5.wav"
262,3970,262,"engines/tank6.wav"
263,3988,263,"engines/tank7.wav"
264,4006,264,"engines/tank8.wav"
265,4024,265,"player/land2.wav"
266,4041,266,"progs/v_sam.mdl"
267,4057,267,"progs/msamba.mdl"
268,4074,268,"progs/msamtb.mdl"
269,4091,269,"ground2.qc"
270,4102,270,"progs/v_cann.mdl"
271,4119,271,"progs/tankba.mdl"
272,4136,272,"progs/tanktb.mdl"
273,4153,273,"progs/tanktr.mdl"
274,4170,274,"ground3.qc"
275,4181,275,"engines/car0.wav"
276,4198,276,"engines/car1.wav"
277,4215,277,"engines/car2.wav"
278,4232,278,"engines/car3.wav"
279,4249,279,"engines/car4.wav"
280,4266,280,"engines/car5.wav"
281,4283,281,"engines/car6.wav"
282,4300,282,"engines/car7.wav"
283,4317,283,"engines/car8.wav"
284,4334,284,"mine launcher jammed.\n"
285,4357,285,"progs/v_sting.mdl"
286,4375,286,"progs/v_mine.mdl"
287,4392,287,"progs/v_rcbo.mdl"
288,4409,288,"progs/humba.mdl"
289,4425,289,"progs/humtb.mdl"
290,4441,290,"progs/humtr.mdl"
291,4457,291,"ground4.qc"
292,4468,292,"engines/hov0.wav"
293,4485,293,"engines/hov1.wav"
294,4502,294,"engines/hov2.wav"
295,4519,295,"engines/hov3.wav"
296,4536,296,"engines/hov4.wav"
297,4553,297,"engines/hov5.wav"
298,4570,298,"engines/hov6.wav"
299,4587,299,"engines/hov7.wav"
300,4604,300,"engines/hov8.wav"
301,4621,301,"progs/hovba.mdl"
302,4637,302,"progs/hovtb.mdl"
303,4653,303,"progs/hovtr.mdl"
304,4669,304,"world.qc"
305,4678,305,"main function\n"
306,4693,306,"progs.dat"
307,4703,307,"gfx.wad"
308,4711,308,"quake.rc"
309,4720,309,"default.cfg"
310,4732,310,"end1.bin"
311,4741,311,"end2.bin"
312,4750,312,"demo1.dem"
313,4760,313,"demo2.dem"
314,4770,314,"demo3.dem"
315,4780,315,"gfx/palette.lmp"
316,4796,316,"gfx/colormap.lmp"
317,4813,317,"gfx/pop.lmp"
318,4825,318,"gfx/complete.lmp"
319,4842,319,"gfx/inter.lmp"
320,4856,320,"gfx/ranking.lmp"
321,4872,321,"gfx/vidmodes.lmp"
322,4889,322,"gfx/finale.lmp"
323,4904,323,"gfx/conback.lmp"
324,4920,324,"gfx/qplaque.lmp"
325,4936,325,"gfx/menudot1.lmp"
326,4953,326,"gfx/menudot2.lmp"
327,4970,327,"gfx/menudot3.lmp"
328,4987,328,"gfx/menudot4.lmp"
329,5004,329,"gfx/menudot5.lmp"
330,5021,330,"gfx/menudot6.lmp"
331,5038,331,"gfx/menuplyr.lmp"
332,5055,332,"gfx/bigbox.lmp"
333,5070,333,"gfx/dim_modm.lmp"
334,5087,334,"gfx/dim_drct.lmp"
335,5104,335,"gfx/dim_ipx.lmp"
336,5120,336,"gfx/dim_tcp.lmp"
337,5136,337,"gfx/dim_mult.lmp"
338,5153,338,"gfx/mainmenu.lmp"
339,5170,339,"gfx/box_tl.lmp"
340,5185,340,"gfx/box_tm.lmp"
341,5200,341,"gfx/box_tr.lmp"
342,5215,342,"gfx/box_ml.lmp"
343,5230,343,"gfx/box_mm.lmp"
344,5245,344,"gfx/box_mm2.lmp"
345,5261,345,"gfx/box_mr.lmp"
346,5276,346,"gfx/box_bl.lmp"
347,5291,347,"gfx/box_bm.lmp"
348,5306,348,"gfx/box_br.lmp"
349,5321,349,"gfx/sp_menu.lmp"
350,5337,350,"gfx/ttl_sgl.lmp"
351,5353,351,"gfx/ttl_main.lmp"
352,5370,352,"gfx/ttl_cstm.lmp"
353,5387,353,"gfx/mp_menu.lmp"
354,5403,354,"gfx/netmen1.lmp"
355,5419,355,"gfx/netmen2.lmp"
356,5435,356,"gfx/netmen3.lmp"
357,5451,357,"gfx/netmen4.lmp"
358,5467,358,"gfx/netmen5.lmp"
359,5483,359,"gfx/sell.lmp"
360,5496,360,"gfx/help0.lmp"
361,5510,361,"gfx/help1.lmp"
362,5524,362,"gfx/help2.lmp"
363,5538,363,"gfx/help3.lmp"
364,5552,364,"gfx/help4.lmp"
365,5566,365,"gfx/help5.lmp"
366,5580,366,"gfx/pause.lmp"
367,5594,367,"gfx/loading.lmp"
368,5610,368,"gfx/p_option.lmp"
369,5627,369,"gfx/p_load.lmp"
370,5642,370,"gfx/p_save.lmp"
371,5657,371,"gfx/p_multi.lmp"
372,5673,372,"misc/menu1.wav"
373,5688,373,"misc/menu2.wav"
374,5703,374,"misc/menu3.wav"
375,5718,375,"ambience/water1.wav"
376,5738,376,"ambience/wind2.wav"
377,5757,377,"maps/start.bsp"
378,5772,378,"maps/e1m1.bsp"
379,5786,379,"maps/e1m2.bsp"
380,5800,380,"maps/e1m3.bsp"
381,5814,381,"maps/e1m4.bsp"
382,5828,382,"maps/e1m5.bsp"
383,5842,383,"maps/e1m6.bsp"
384,5856,384,"maps/e1m7.bsp"
385,5870,385,"maps/e1m8.bsp"
386,5884,386,"maps/e2m1.bsp"
387,5898,387,"maps/e2m2.bsp"
388,5912,388,"maps/e2m3.bsp"
389,5926,389,"maps/e2m4.bsp"
390,5940,390,"maps/e2m5.bsp"
391,5954,391,"maps/e2m6.bsp"
392,5968,392,"maps/e2m7.bsp"
393,5982,393,"maps/e3m1.bsp"
394,5996,394,"maps/e3m2.bsp"
395,6010,395,"maps/e3m3.bsp"
396,6024,396,"maps/e3m4.bsp"
397,6038,397,"maps/e3m5.bsp"
398,6052,398,"maps/e3m6.bsp"
399,6066,399,"maps/e3m7.bsp"
400,6080,400,"maps/e4m1.bsp"
401,6094,401,"maps/e4m2.bsp"
402,6108,402,"maps/e4m3.bsp"
403,6122,403,"maps/e4m4.bsp"
404,6136,404,"maps/e4m5.bsp"
405,6150,405,"maps/e4m6.bsp"
406,6164,406,"maps/e4m7.bsp"
407,6178,407,"maps/e4m8.bsp"
408,6192,408,"maps/end.bsp"
409,6205,409,"maps/dm1.bsp"
410,6218,410,"maps/dm2.bsp"
411,6231,411,"maps/dm3.bsp"
412,6244,412,"maps/dm4.bsp"
413,6257,413,"maps/dm5.bsp"
414,6270,414,"maps/dm6.bsp"
415,6283,415,"100"
416,6287,416,"400"
417,6291,417,"sv_maxspeed"
418,6303,418,"sv_friction"
419,6315,419,"1"
420,6317,420,"noexit"
421,6324,421,"t0"
422,6327,422,"t1"
423,6330,423,"t2"
424,6333,424,"demon/dland2.wav"
425,6350,425,"misc/h2ohit1.wav"
426,6367,426,"player/land.wav"
427,6383,427,"player/teledth1.wav"
428,6403,428,"misc/r_tele1.wav"
429,6420,429,"misc/r_tele2.wav"
430,6437,430,"misc/r_tele3.wav"
431,6454,431,"misc/r_tele4.wav"
432,6471,432,"misc/r_tele5.wav"
433,6488,433,"weapons/pkup.wav"
434,6505,434,"items/armor1.wav"
435,6522,435,"weapons/lhit.wav"
436,6539,436,"weapons/lstart.wav"
437,6558,437,"misc/power.wav"
438,6573,438,"player/gib.wav"
439,6588,439,"player/udeath.wav"
440,6606,440,"player/tornoff2.wav"
441,6626,441,"player/pain1.wav"
442,6643,442,"player/pain2.wav"
443,6660,443,"player/pain3.wav"
444,6677,444,"player/pain4.wav"
445,6694,445,"player/pain5.wav"
446,6711,446,"player/pain6.wav"
447,6728,447,"player/death1.wav"
448,6746,448,"player/death2.wav"
449,6764,449,"player/death3.wav"
450,6782,450,"player/death4.wav"
451,6800,451,"player/death5.wav"
452,6818,452,"player/h2ojump.wav"
453,6837,453,"player/slimbrn2.wav"
454,6857,454,"player/inh2o.wav"
455,6874,455,"player/inlava.wav"
456,6892,456,"misc/outwater.wav"
457,6910,457,"progs/eyes.mdl"
458,6925,458,"progs/h_player.mdl"
459,6944,459,"progs/gib1.mdl"
460,6959,460,"progs/gib2.mdl"
461,6974,461,"progs/gib3.mdl"
462,6989,462,"progs/s_bubble.spr"
463,7008,463,"progs/bolt.mdl"
464,7023,464,"progs/bolt2.mdl"
465,7039,465,"progs/bolt3.mdl"
466,7055,466,"in1.wav"
467,7063,467,"in2.wav"
468,7071,468,"speech/rw_a_al.wav"
469,7090,469,"speech/rw_a_al2.wav"
470,7110,470,"m"
471,7112,471,"mmnmmommommnonmmonqnmmo"
472,7136,472,"abcdefghijklmnopqrstuvwxyzyxwvutsrqponmlkjihgfedcba"
473,7188,473,"mmmmmaaaaammmmmaaaaaabcdefgabcdefg"
474,7223,474,"mamamamamama"
475,7236,475,"jklmnopqrstuvwxyzyxwvutsrqponmlkj"
476,7270,476,"nmonqnmomnmomomno"
477,7288,477,"mmmaaaabcdefgmmmmaaaammmaamm"
478,7317,478,"mmmaaammmaaammmabcdefaaaammmmabcdefmmmaaaa"
479,7360,479,"aaaaaaaazzzzzzzz"
480,7377,480,"mmamammmmammamamaaamammma"
481,7403,481,"abcdefghijklmnopqrrqponmlkjihgfedcba"
482,7440,482,"a"
483,7442,483,"teamplay"
484,7451,484,"skill"
485,7457,485,"temp1"
486,7463,486,"bodyque"
487,7471,487,"control.qc"
488,7482,488,"deathmatch"
489,7493,489,"No briefing available.\n"
490,7517,490,"Tower"
491,7523,491,"info_control"
492,7536,492,"HQ doesn't reply...\n"
493,7557,493," doesn't reply...\n"
494,7576,494,": "
495,7579,495,"Keep off the runways, pal.\n"
496,7607,496,"You're on ground already.\n"
497,7634,497,"Cleared for landing already.\n"
498,7664,498,"please wait.\n"
499,7678,499,"Unauthorized aircraft on runway!\n"
500,7712,500,"Clear the runway now!\n"
501,7735,501,"You are cleared to land\n"
502,7760,502,"You're airborne already.\n"
503,7786,503,"Cleared for take-off already.\n"
504,7817,504,"please wait for take-off clearance.\n"
505,7854,505,"You are cleared for take-off\n"
506,7884,506,"Nothing to cancel.\n"
507,7904,507,"Take-off clearance cancelled.\n"
508,7935,508,"Landing clearance cancelled.\n"
509,7965,509,"Try again with a plane, man.\n"
510,7995,510,"Ask for normal landing clearance.\n"
511,8030,511,"You can land on the normal runway.\n"
512,8066,512,"Emergency! Interrupt landing NOW!\n"
513,8101,513,"You can land on the take-off runway.\n"
514,8139,514,"Emergency! Interrupt take-off NOW!\n"
515,8175,515,"radar report:\n"
516,8190,516," reports "
517,8200,517," visible enemies\n"
518,8218,518,"mobile radar report:\n"
519,8240,519,"monster_mobrad"
520,8255,520,"admin.qc"
521,8264,521,"Admin Commands:\n"
522,8281,522,"1: kick\n"
523,8290,523,"2: change map\n"
524,8305,524,"3: set timelimit\n"
525,8323,525,"4: set fraglimit\n"
526,8341,526,"5: set temp1\n"
527,8355,527,"9: exit menu\n"
528,8369,528," has become a sysop\n"
529,8390,529,"Type your admin password (6 digits).\n"
530,8428,530,"Kick (00 - 99):\n"
531,8445,531," "
532,8447,532,"Run map(00-99).cfg file.\n"
533,8473,533,"Set timelimit (00-99).\n"
534,8497,534,"Set fraglimit (000-999).\n"
535,8523,535,"Set temp1 (000-999).\n"
536,8545,536,"Goodbye. Press impulse 99 to get back to menu.\n"
537,8593,537,"\n\nYou have been kicked.\nGo abuse somewhere else.\n"
538,8643,538,"disconnect\n"
539,8655,539," was kicked by "
540,8671,540,"Can't kick #"
541,8684,541,"running map cfg file..\n"
542,8708,542,"exec map"
543,8717,543,".cfg\n"
544,8723,544,"timelimit "
545,8734,545,"Timelimit set\n"
546,8749,546,"fraglimit "
547,8760,547,"Fraglimit set\n"
548,8775,548,"temp1 "
549,8782,549,"Fraglimit changed.\n"
550,8802,550,"client.qc"
551,8812,551,"info_intermission"
552,8830,552,"info_player_start"
553,8848,553,"testplayerstart"
554,8864,554,"FindIntermission: no spot"
555,8890,555,"samelevel"
556,8900,556,"restart\n"
557,8909,557,"registered"
558,8920,558,"As the corpse of the monstrous entity\nChthon sinks back into the lava whence\nit rose, you grip the Rune of Earth\nMagic tightly. Now that you have\nconquered the Dimension of the Doomed,\nrealm of Earth Magic, you are ready to\ncomplete your task in the other three\nhaunted lands of Quake. Or are you? If\nyou don't register Quake, you'll never\nknow what awaits you in the Realm of\nBlack Magic, the Netherworld, and the\nElder World!"
559,9348,559,"As the corpse of the monstrous entity\nChthon sinks back into the lava whence\nit rose, you grip the Rune of Earth\nMagic tightly. Now that you have\nconquered the Dimension of the Doomed,\nrealm of Earth Magic, you are ready to\ncomplete your task. A Rune of magic\npower lies at the end of each haunted\nland of Quake. Go forth, seek the\ntotality of the four Runes!"
560,9708,560,"The Rune of Black Magic throbs evilly in\nyour hand and whispers dark thoughts\ninto your brain. You learn the inmost\nlore of the Hell-Mother; Shub-Niggurath!\nYou now know that she is behind all the\nterrible plotting which has led to so\nmuch death and horror. But she is not\ninviolate! Armed with this Rune, you\nrealize that once all four Runes are\ncombined, the gate to Shub-Niggurath's\nPit will open, and you can face the\nWitch-Goddess herself in her frightful\notherworld cathedral."
561,10191,561,"The charred viscera of diabolic horrors\nbubble viscously as you seize the Rune\nof Hell Magic. Its heat scorches your\nhand, and its terrible secrets blight\nyour mind. Gathering the shreds of your\ncourage, you shake the devil's shackles\nfrom your soul, and become ever more\nhard and determined to destroy the\nhideous creatures whose mere existence\nthreatens the souls and psyches of all\nthe population of Earth."
562,10601,562,"Despite the awful might of the Elder\nWorld, you have achieved the Rune of\nElder Magic, capstone of all types of\narcane wisdom. Beyond good and evil,\nbeyond life and death, the Rune\npulsates, heavy with import. Patient and\npotent, the Elder Being Shub-Niggurath\nweaves her dire plans to clear off all\nlife from the Earth, and bring her own\nfoul offspring to our world! For all the\ndwellers in these nightmare dimensions\nare her descendants! Once all Runes of\nmagic power are united, the energy\nbehind them will blast open the Gateway\nto Shub-Niggurath, and you can travel\nthere to foil the Hell-Mother's plots\nin person."
563,11221,563,"Now, you have all four Runes. You sense\ntremendous invisible forces moving to\nunseal ancient barriers. Shub-Niggurath\nhad hoped to use the Runes Herself to\nclear off the Earth, but now instead,\nyou will use them to enter her home and\nconfront her as an avatar of avenging\nEarth-life. If you defeat her, you will\nbe remembered forever as the savior of\nthe planet. If she conquers, it will be\nas if you had never been born."
564,11643,564," exited the level\n"
565,11662,565,"chagnelevel trigger doesn't have map"
566,11699,566," suicides\n"
567,11710,567,"info_player_coop"
568,11727,568,"info_player_deathmatch"
569,11750,569,"no spot found!\n"
570,11766,570,"cl_bob 0\n"
571,11776,571,"cl_forwardspeed 1\n"
572,11795,572,"cl_backspeed 1\n"
573,11811,573,"cl_sidespeed 1\n"
574,11827,574,"start"
575,11833,575,"e1m1"
576,11838,576,"e2m1"
577,11843,577,"e3m1"
578,11848,578,"e4m1"
579,11853,579,"timelimit"
580,11863,580,"fraglimit"
581,11873,581,"Game over. Press special or fire to restart\n"
582,11918,582,"Press 1-10 to select your vehicle\n"
583,11953,583,"Press special or fire to start\n"
584,11985,584,"Vehicle not available.\n"
585,12009,585,"Dogfighter selected.\n"
586,12031,586,"Fighter Bomber selected.\n"
587,12057,587,"Stealth Fighter selected.\n"
588,12084,588,"A-10 selected.\n"
589,12100,589,"X-29 selected.\n"
590,12116,590,"Attack helicopter selected.\n"
591,12145,591,"Mobile SAM selected.\n"
592,12167,592,"Battle Tank selected.\n"
593,12190,593,"Armoured Car selected.\n"
594,12214,594,"Hovercraft selected.\n"
595,12236,595,"Skin: "
596,12243,596,"color 2\n"
597,12252,597," joined the Blue team\n"
598,12275,598,"color 7\n"
599,12284,599," joined the Red team\n"
600,12306,600,"Angle: "
601,12314,601,"Turret locked\n"
602,12329,602,"Turret unlocked\n"
603,12346,603," entered the game\n"
604,12365,604," left the game with "
605,12386,605," frags\n"
606,12394,606,"player.qc"
607,12404,607,"teledeath"
608,12414,608,"player/drown1.wav"
609,12432,609,"player/drown2.wav"
610,12450,610,"player/lburn1.wav"
611,12468,611,"player/lburn2.wav"
612,12486,612,"player/axhit1.wav"
613,12504,613,"bubble"
614,12511,614,"player/h2odeath.wav"
615,12531,615,"teledeath2"
616,12542,616,"monsters.qc"
617,12554,617,"walkmonster in wall at: "
618,12579,618,"Monster can't find target at "
619,12609,619,"flymonster in wall at: "
620,12633,620,"doors.qc"
621,12642,621,"door_fire: self.owner != self"
622,12672,622,"Door_use?\n"
623,12683,623,"cross connected doors"
624,12705,624,"doors/medtry.wav"
625,12722,625,"doors/meduse.wav"
626,12739,626,"doors/runetry.wav"
627,12757,627,"doors/runeuse.wav"
628,12775,628,"doors/basetry.wav"
629,12793,629,"doors/baseuse.wav"
630,12811,630,"no worldtype set!\n"
631,12830,631,"misc/null.wav"
632,12844,632,"doors/drclos4.wav"
633,12862,633,"doors/doormv1.wav"
634,12880,634,"doors/hydro1.wav"
635,12897,635,"doors/hydro2.wav"
636,12914,636,"doors/stndr1.wav"
637,12931,637,"doors/stndr2.wav"
638,12948,638,"doors/ddoor1.wav"
639,12965,639,"doors/ddoor2.wav"
640,12982,640,"door"
641,12987,641,"doors/latch2.wav"
642,13004,642,"doors/winch2.wav"
643,13021,643,"doors/airdoor1.wav"
644,13040,644,"doors/airdoor2.wav"
645,13059,645,"doors/basesec1.wav"
646,13078,646,"doors/basesec2.wav"
647,13097,647,"buttons.qc"
648,13108,648,"buttons/airbut1.wav"
649,13128,649,"buttons/switch21.wav"
650,13149,650,"buttons/switch02.wav"
651,13170,651,"buttons/switch04.wav"
652,13191,652,"triggers.qc"
653,13203,653,"trigger_secret"
654,13218,654,"misc/secret.wav"
655,13234,655,"misc/trigger1.wav"
656,13252,656,"health and notouch don't make sense\n"
657,13289,657,"You found a secret area!"
658,13314,658,"There are more to go..."
659,13338,659,"Only 3 more to go..."
660,13359,660,"Only 2 more to go..."
661,13380,661,"Only 1 more to go..."
662,13401,662,"Sequence completed!"
663,13421,663,"couldn't find target"
664,13442,664,"no targetname"
665,13456,665,"no target"
666,13466,666,"ambience/hum1.wav"
667,13484,667,"grenade"
668,13492,668,"ambience/windfly.wav"
669,13513,669,"plats.qc"
670,13522,670,"plat_crush: bad self.state\n"
671,13550,671,"plat_use: not in up state"
672,13576,672,"plats/plat1.wav"
673,13592,673,"plats/plat2.wav"
674,13608,674,"plats/medplat1.wav"
675,13627,675,"plats/medplat2.wav"
676,13646,676,"plat"
677,13651,677,"train_next: no next target"
678,13678,678,"func_train without a target"
679,13706,679,"plats/train2.wav"
680,13723,680,"plats/train1.wav"
681,13740,681,"train"
682,13746,682,"progs/teleport.mdl"
683,13765,683,"misc.qc"
684,13773,684,"ambience/fl_hum1.wav"
685,13794,685,"ambience/buzz1.wav"
686,13813,686,"progs/s_light.spr"
687,13831,687,"progs/lamp.mdl"
688,13846,688,"ambience/fire1.wav"
689,13865,689,"progs/flame.mdl"
690,13881,690,"progs/flame2.mdl"
691,13898,691,"maps/b_explob.bsp"
692,13916,692,"item fell out of level at "
693,13943,693,"maps/b_exbox2.bsp"
694,13961,694,"ambience/suck1.wav"
695,13980,695,"ambience/drone6.wav"
696,14000,696,"ambience/drip1.wav"
697,14019,697,"ambience/comp1.wav"
698,14038,698,"ambience/thunder1.wav"
699,14060,699,"ambience/swamp1.wav"
700,14080,700,"ambience/swamp2.wav"
701,14100,701,"enforcer/sight1.wav"
702,14120,702,"enforcer/sight2.wav"
703,14140,703,"enforcer/sight3.wav"
704,14160,704,"enforcer/sight4.wav"
705,14180,705,"enforcer/pain1.wav"
706,14199,706,"enforcer/pain2.wav"
707,14218,707,"enforcer/death1.wav"
708,14238,708,"enforcer/idle1.wav"
709,14257,709,"xwall.qc"
710,14266,710,"building"
711,14275,711,"eground.qc"
712,14286,712,"sam.qc"
713,14293,713,"progs/samba.mdl"
714,14309,714,"SAM launcher"
715,14322,715,"progs/samtb.mdl"
716,14338,716,"aag.qc"
717,14345,717,"progs/aagba.mdl"
718,14361,718,"Anti-aircraft gun"
719,14379,719,"progs/aagtb.mdl"
720,14395,720,"amg.qc"
721,14402,721,"progs/amgba.mdl"
722,14418,722,"progs/amgtb.mdl"
723,14434,723,"rad.qc"
724,14441,724,": Enemy "
725,14450,725,"Dogfighter ("
726,14463,726,"Fighter Bomber ("
727,14480,727,"Stealth Fighter ("
728,14498,728,"Bomber ("
729,14507,729,"X-29 ("
730,14514,730,"Helicopter ("
731,14527,731,"Ground vehicle ("
732,14544,732,"vehicle ("
733,14554,733,") in "
734,14560,734,"north"
735,14566,735,"northeast"
736,14576,736,"east"
737,14581,737,"southeast"
738,14591,738,"south"
739,14597,739,"southwest"
740,14607,740,"west"
741,14612,741,"northwest"
742,14622,742," high"
743,14628,743," low"
744,14633,744,"play in2.wav\n"
745,14647,745,"progs/radba.mdl"
746,14663,746,"Radar"
747,14669,747,"progs/radpl.mdl"
748,14685,748,"acdrone.qc"
749,14696,749,"Dogfighter"
750,14707,750,"acdrone2.qc"
751,14719,751,"Fighter Bomber"
752,14734,752,"Stealth Fighter"
753,14750,753,"A-10"
754,14755,754,"X-29"
755,14760,755,"hedrone.qc"
756,14771,756,"Chopper Drone crashed into "
757,14799,757,"a Chopper"
758,14809,758,"dummy.qc"
759,14818,759,"a plane"
760,14826,760,"etank.qc"
761,14835,761,"a Tank"
762,14842,762,"emsam.qc"
763,14851,763,"ehmmv.qc"
764,14860,764,"an Armoured Car"
765,14876,765,"makevectors"
766,14888,766,"setorigin"
767,14898,767,"setmodel"
768,14907,768,"setsize"
769,14915,769,"break"
770,14921,770,"random"
771,14928,771,"sound"
772,14934,772,"normalize"
773,14944,773,"error"
774,14950,774,"objerror"
775,14959,775,"vlen"
776,14964,776,"vectoyaw"
777,14973,777,"spawn"
778,14979,778,"remove"
779,14986,779,"traceline"
780,14996,780,"checkclient"
781,15008,781,"find"
782,15013,782,"precache_sound"
783,15028,783,"precache_model"
784,15043,784,"stuffcmd"
785,15052,785,"findradius"
786,15063,786,"bprint"
787,15070,787,"sprint"
788,15077,788,"dprint"
789,15084,789,"ftos"
790,15089,790,"vtos"
791,15094,791,"coredump"
792,15103,792,"traceon"
793,15111,793,"traceoff"
794,15120,794,"eprint"
795,15127,795,"walkmove"
796,15136,796,"droptofloor"
797,15148,797,"lightstyle"
798,15159,798,"rint"
799,15164,799,"floor"
800,15170,800,"ceil"
801,15175,801,"checkbottom"
802,15187,802,"pointcontents"
803,15201,803,"fabs"
804,15206,804,"aim"
805,15210,805,"cvar"
806,15215,806,"localcmd"
807,15224,807,"nextent"
808,15232,808,"particle"
809,15241,809,"ChangeYaw"
810,15251,810,"vectoangles"
811,15263,811,"WriteByte"
812,15273,812,"WriteChar"
813,15283,813,"WriteShort"
814,15294,814,"WriteLong"
815,15304,815,"WriteCoord"
816,15315,816,"WriteAngle"
817,15326,817,"WriteString"
818,15338,818,"WriteEntity"
819,15350,819,"movetogoal"
820,15361,820,"precache_file"
821,15375,821,"makestatic"
822,15386,822,"changelevel"
823,15398,823,"cvar_set"
824,15407,824,"centerprint"
825,15419,825,"ambientsound"
826,15432,826,"precache_model2"
827,15448,827,"precache_sound2"
828,15464,828,"precache_file2"
829,15479,829,"setspawnparms"
830,15493,830,"SUB_Null"
831,15502,831,"SUB_Remove"
832,15513,832,"SetMovedir"
833,15524,833,"InitTrigger"
834,15536,834,"SUB_CalcMoveEnt"
835,15552,835,"SUB_CalcMove"
836,15565,836,"SUB_CalcMoveDone"
837,15582,837,"SUB_CalcAngleMoveEnt"
838,15603,838,"SUB_CalcAngleMove"
839,15621,839,"SUB_CalcAngleMoveDone"
840,15643,840,"DelayThink"
841,15654,841,"SUB_UseTargets"
842,15669,842,"SUB_AttackFinished"
843,15688,843,"SUB_CheckRefire"
844,15704,844,"calcbit"
845,15712,845,"checkcli"
846,15721,846,"change_cc"
847,15731,847,"check_allowed"
848,15745,848,"add_allowedcraft"
849,15762,849,"givefrags"
850,15772,850,"giveteamfrags"
851,15786,851,"teamprint"
852,15796,852,"checkground"
853,15808,853,"place_targetbox"
854,15824,854,"orgia"
855,15830,855,"setup_teament"
856,15844,856,"send_voicemsg"
857,15858,857,"CheckAttack"
858,15870,858,"ai_face"
859,15878,859,"ai_charge"
860,15888,860,"ai_charge_side"
861,15903,861,"ai_melee"
862,15912,862,"ai_melee_side"
863,15926,863,"anglemod"
864,15935,864,"movetarget_f"
865,15948,865,"path_corner"
866,15960,866,"t_movetarget"
867,15973,867,"range"
868,15979,868,"visible"
869,15987,869,"infront"
870,15995,870,"HuntTarget"
871,16006,871,"SightSound"
872,16017,872,"FoundTarget"
873,16029,873,"FindTarget"
874,16040,874,"ai_forward"
875,16051,875,"ai_back"
876,16059,876,"ai_pain"
877,16067,877,"ai_painforward"
878,16082,878,"ai_walk"
879,16090,879,"ai_stand"
880,16099,880,"ai_turn"
881,16107,881,"ChooseTurn"
882,16118,882,"FacingIdeal"
883,16130,883,"CheckAnyAttack"
884,16145,884,"ai_run_melee"
885,16158,885,"ai_run_missile"
886,16173,886,"ai_run_slide"
887,16186,887,"ai_run"
888,16193,888,"CanDamage"
889,16203,889,"Killed"
890,16210,890,"T_Damage"
891,16219,891,"T_RadiusDamage"
892,16234,892,"T_BeamDamage"
893,16247,893,"W_Precache"
894,16258,894,"crandom"
895,16266,895,"wall_velocity"
896,16280,896,"SpawnMeatSpray"
897,16295,897,"SpawnBlood"
898,16306,898,"spawn_touchblood"
899,16323,899,"SpawnChunk"
900,16334,900,"ClearMultiDamage"
901,16351,901,"ApplyMultiDamage"
902,16368,902,"AddMultiDamage"
903,16383,903,"TraceAttack"
904,16395,904,"FireBullets"
905,16407,905,"s_explode1"
906,16418,906,"s_explode2"
907,16429,907,"s_explode3"
908,16440,908,"s_explode4"
909,16451,909,"s_explode5"
910,16462,910,"s_explode6"
911,16473,911,"BecomeExplosion"
912,16489,912,"T_MissileTouch"
913,16504,913,"LightningDamage"
914,16520,914,"launch_spike"
915,16533,915,"spike_touch"
916,16545,916,"superspike_touch"
917,16562,917,"W_SetCurrentAmmo"
918,16579,918,"W_BestWeapon"
919,16592,919,"W_CheckNoAmmo"
920,16606,920,"W_ChangeWeapon"
921,16621,921,"CheatCommand"
922,16634,922,"CycleWeaponCommand"
923,16653,923,"CycleWeaponReverseCommand"
924,16679,924,"ServerflagsCommand"
925,16698,925,"QuadCheat"
926,16708,926,"ImpulseCommands"
927,16724,927,"W_WeaponFrame"
928,16738,928,"SuperDamageSound"
929,16755,929,"check_ammo"
930,16766,930,"SUB_regen"
931,16776,931,"ACPlaceItem"
932,16788,932,"ACStartItem"
933,16800,933,"ACammo_touch"
934,16813,934,"item_spikes"
935,16825,935,"item_shells"
936,16837,936,"item_canshells"
937,16852,937,"item_rockets"
938,16865,938,"item_mavericks"
939,16880,939,"item_bombs"
940,16891,940,"item_cells"
941,16902,941,"item_mines"
942,16913,942,"health_touch"
943,16926,943,"item_health"
944,16938,944,"flagcollected_think"
945,16958,945,"flagsoldier_touch"
946,16976,946,"start_flagsoldier"
947,16994,947,"item_flagsoldier"
948,17011,948,"item_model"
949,17022,949,"s_bexplode0"
950,17034,950,"s_bexplode1"
951,17046,951,"s_bexplode2"
952,17058,952,"s_bexplode3"
953,17070,953,"s_bexplode4"
954,17082,954,"s_bexplode5"
955,17094,955,"BigExplosion"
956,17107,956,"WaterRadiusDamage"
957,17125,957,"ACprojectile_expireboom"
958,17149,958,"ACprojectile_touchboom"
959,17172,959,"ACsuperspike_touch"
960,17191,960,"ACspike_touch"
961,17205,961,"AC_spike"
962,17214,962,"AC_bullet"
963,17224,963,"AClaser_touch"
964,17238,964,"AC_laser"
965,17247,965,"LaunchLaser"
966,17259,966,"AC_rocket"
967,17269,967,"mine_boom"
968,17279,968,"mine_activated"
969,17294,969,"bomb_rotate"
970,17306,970,"AC_bomb"
971,17314,971,"AC_mine"
972,17322,972,"paveway_fly"
973,17334,973,"AC_paveway"
974,17345,974,"detpak_boom"
975,17357,975,"detpak_active"
976,17371,976,"detpak_fall"
977,17383,977,"AC_detpak"
978,17393,978,"ACmissile_home"
979,17408,979,"AC_seekingmissile"
980,17426,980,"AC_heatseeker"
981,17440,981,"AC_miniseeker"
982,17454,982,"AC_bigseeker"
983,17467,983,"AC_sidewinder"
984,17481,984,"AC_amraam"
985,17491,985,"AC_stinger"
986,17502,986,"AC_maverick"
987,17514,987,"AC_hellfire"
988,17526,988,"s_pexplode0"
989,17538,989,"s_pexplode1"
990,17550,990,"s_pexplode2"
991,17562,991,"s_pexplode3"
992,17574,992,"s_pexplode4"
993,17586,993,"s_pexplode5"
994,17598,994,"PlasmaExplosion"
995,17614,995,"Plasma_Watercheck"
996,17632,996,"ACplasma_touch"
997,17647,997,"AC_plasma"
998,17657,998,"flare_touch"
999,17669,999,"AC_Flare"
1000,17678,1000,"cammy_think"
1001,17690,1001,"target_think"
1002,17703,1002,"vehicle_think"
1003,17717,1003,"Create_chasecam"
1004,17733,1004,"Check_minsmaxs"
1005,17748,1005,"Throw_ACgib"
1006,17760,1006,"AC_Explode"
1007,17771,1007,"AC_Obituary"
1008,17783,1008,"AC_aim"
1009,17790,1009,"AC_aim2"
1010,17798,1010,"T_ACTouch"
1011,17808,1011,"AC_Fall"
1012,17816,1012,"AC_Die"
1013,17823,1013,"T_HETouch"
1014,17833,1014,"HE_Fall"
1015,17841,1015,"HE_Die"
1016,17848,1016,"jet_sound"
1017,17858,1017,"plane_upright"
1018,17872,1018,"Turn_plane"
1019,17883,1019,"Steer_plane"
1020,17895,1020,"Check_startlanded"
1021,17913,1021,"setplanespeed"
1022,17927,1022,"gv_tilt"
1023,17935,1023,"hv_tilt"
1024,17943,1024,"Turn_groundveh"
1025,17958,1025,"Steer_groundveh"
1026,17974,1026,"Turn_hover"
1027,17985,1027,"Steer_hover"
1028,17997,1028,"GV_aim"
1029,18004,1029,"GV_Die"
1030,18011,1030,"ac1_currentammo"
1031,18027,1031,"ac1_steer"
1032,18037,1032,"ac1_attack"
1033,18048,1033,"start_aircraft1"
1034,18064,1034,"ac2_currentammo"
1035,18080,1035,"ac2_steer"
1036,18090,1036,"ac2_attack"
1037,18101,1037,"start_aircraft2"
1038,18117,1038,"ac3_currentammo"
1039,18133,1039,"ac3_steer"
1040,18143,1040,"ac3_attack"
1041,18154,1041,"start_aircraft3"
1042,18170,1042,"ac4_currentammo"
1043,18186,1043,"ac4_steer"
1044,18196,1044,"ac4_attack"
1045,18207,1045,"start_aircraft4"
1046,18223,1046,"ac5_currentammo"
1047,18239,1047,"ac5_steer"
1048,18249,1048,"ac5_attack"
1049,18260,1049,"start_aircraft5"
1050,18276,1050,"he1_currentammo"
1051,18292,1051,"he1_steer"
1052,18302,1052,"he1_attack"
1053,18313,1053,"start_helo1"
1054,18325,1054,"gv1_steer"
1055,18335,1055,"gv1_attack"
1056,18346,1056,"gv1_currentammo"
1057,18362,1057,"start_groundveh1"
1058,18379,1058,"gv2_steer"
1059,18389,1059,"gv2_attack"
1060,18400,1060,"gv2_currentammo"
1061,18416,1061,"start_groundveh2"
1062,18433,1062,"gv3_steer"
1063,18443,1063,"gv3_attack"
1064,18454,1064,"gv3_currentammo"
1065,18470,1065,"start_groundveh3"
1066,18487,1066,"gv4_steer"
1067,18497,1067,"gv4_attack"
1068,18508,1068,"gv4_currentammo"
1069,18524,1069,"start_groundveh4"
1070,18541,1070,"main"
1071,18546,1071,"worldspawn"
1072,18557,1072,"StartFrame"
1073,18568,1073,"bodyque"
1074,18576,1074,"InitBodyQue"
1075,18588,1075,"CopyToBodyQue"
1076,18602,1076,"trigger_runway_touch"
1077,18623,1077,"toffrunway_start"
1078,18640,1078,"trigger_toffrunway"
1079,18659,1079,"landrunway_start"
1080,18676,1080,"trigger_landrunway"
1081,18695,1081,"control_think"
1082,18709,1082,"start_control"
1083,18723,1083,"info_control"
1084,18736,1084,"comm_control"
1085,18749,1085,"Adminmenu"
1086,18759,1086,"CheckAdminCmd"
1087,18773,1087,"info_intermission"
1088,18791,1088,"SetChangeParms"
1089,18806,1089,"SetNewParms"
1090,18818,1090,"DecodeLevelParms"
1091,18835,1091,"FindIntermission"
1092,18852,1092,"GotoNextMap"
1093,18864,1093,"ExitIntermission"
1094,18881,1094,"IntermissionThink"
1095,18899,1095,"execute_changelevel"
1096,18919,1096,"changelevel_touch"
1097,18937,1097,"trigger_changelevel"
1098,18957,1098,"respawn"
1099,18965,1099,"ClientKill"
1100,18976,1100,"CheckSpawnPoint"
1101,18992,1101,"SelectAirSpawnPoint"
1102,19012,1102,"PutClientInServer"
1103,19030,1103,"info_player_start"
1104,19048,1104,"info_player_start2"
1105,19067,1105,"testplayerstart"
1106,19083,1106,"info_player_deathmatch"
1107,19106,1107,"info_player_coop"
1108,19123,1108,"NextLevel"
1109,19133,1109,"CheckRules"
1110,19144,1110,"PlayerDeathThink"
1111,19161,1111,"PlayerPreThink"
1112,19176,1112,"CheckPowerups"
1113,19190,1113,"SetCameraPlace"
1114,19205,1114,"PlayerPostThink"
1115,19221,1115,"ClientConnect"
1116,19235,1116,"ClientDisconnect"
1117,19252,1117,"player_stand1"
1118,19266,1118,"player_run"
1119,19277,1119,"player_shot1"
1120,19290,1120,"player_shot2"
1121,19303,1121,"player_shot3"
1122,19316,1122,"player_shot4"
1123,19329,1123,"player_shot5"
1124,19342,1124,"player_shot6"
1125,19355,1125,"player_axe1"
1126,19367,1126,"player_axe2"
1127,19379,1127,"player_axe3"
1128,19391,1128,"player_axe4"
1129,19403,1129,"player_axeb1"
1130,19416,1130,"player_axeb2"
1131,19429,1131,"player_axeb3"
1132,19442,1132,"player_axeb4"
1133,19455,1133,"player_axec1"
1134,19468,1134,"player_axec2"
1135,19481,1135,"player_axec3"
1136,19494,1136,"player_axec4"
1137,19507,1137,"player_axed1"
1138,19520,1138,"player_axed2"
1139,19533,1139,"player_axed3"
1140,19546,1140,"player_axed4"
1141,19559,1141,"player_nail1"
1142,19572,1142,"player_nail2"
1143,19585,1143,"player_light1"
1144,19599,1144,"player_light2"
1145,19613,1145,"player_rocket1"
1146,19628,1146,"player_rocket2"
1147,19643,1147,"player_rocket3"
1148,19658,1148,"player_rocket4"
1149,19673,1149,"player_rocket5"
1150,19688,1150,"player_rocket6"
1151,19703,1151,"PainSound"
1152,19713,1152,"player_pain1"
1153,19726,1153,"player_pain2"
1154,19739,1154,"player_pain3"
1155,19752,1155,"player_pain4"
1156,19765,1156,"player_pain5"
1157,19778,1157,"player_pain6"
1158,19791,1158,"player_axpain1"
1159,19806,1159,"player_axpain2"
1160,19821,1160,"player_axpain3"
1161,19836,1161,"player_axpain4"
1162,19851,1162,"player_axpain5"
1163,19866,1163,"player_axpain6"
1164,19881,1164,"player_pain"
1165,19893,1165,"DeathBubblesSpawn"
1166,19911,1166,"DeathBubbles"
1167,19924,1167,"DeathSound"
1168,19935,1168,"PlayerDead"
1169,19946,1169,"VelocityForDamage"
1170,19964,1170,"ThrowGib"
1171,19973,1171,"ThrowHead"
1172,19983,1172,"GibPlayer"
1173,19993,1173,"PlayerDie"
1174,20003,1174,"set_suicide_frame"
1175,20021,1175,"player_diea1"
1176,20034,1176,"player_diea2"
1177,20047,1177,"player_diea3"
1178,20060,1178,"player_diea4"
1179,20073,1179,"player_diea5"
1180,20086,1180,"player_diea6"
1181,20099,1181,"player_diea7"
1182,20112,1182,"player_diea8"
1183,20125,1183,"player_diea9"
1184,20138,1184,"player_diea10"
1185,20152,1185,"player_diea11"
1186,20166,1186,"player_dieb1"
1187,20179,1187,"player_dieb2"
1188,20192,1188,"player_dieb3"
1189,20205,1189,"player_dieb4"
1190,20218,1190,"player_dieb5"
1191,20231,1191,"player_dieb6"
1192,20244,1192,"player_dieb7"
1193,20257,1193,"player_dieb8"
1194,20270,1194,"player_dieb9"
1195,20283,1195,"player_diec1"
1196,20296,1196,"player_diec2"
1197,20309,1197,"player_diec3"
1198,20322,1198,"player_diec4"
1199,20335,1199,"player_diec5"
1200,20348,1200,"player_diec6"
1201,20361,1201,"player_diec7"
1202,20374,1202,"player_diec8"
1203,20387,1203,"player_diec9"
1204,20400,1204,"player_diec10"
1205,20414,1205,"player_diec11"
1206,20428,1206,"player_diec12"
1207,20442,1207,"player_diec13"
1208,20456,1208,"player_diec14"
1209,20470,1209,"player_diec15"
1210,20484,1210,"player_died1"
1211,20497,1211,"player_died2"
1212,20510,1212,"player_died3"
1213,20523,1213,"player_died4"
1214,20536,1214,"player_died5"
1215,20549,1215,"player_died6"
1216,20562,1216,"player_died7"
1217,20575,1217,"player_died8"
1218,20588,1218,"player_died9"
1219,20601,1219,"player_diee1"
1220,20614,1220,"player_diee2"
1221,20627,1221,"player_diee3"
1222,20640,1222,"player_diee4"
1223,20653,1223,"player_diee5"
1224,20666,1224,"player_diee6"
1225,20679,1225,"player_diee7"
1226,20692,1226,"player_diee8"
1227,20705,1227,"player_diee9"
1228,20718,1228,"player_die_ax1"
1229,20733,1229,"player_die_ax2"
1230,20748,1230,"player_die_ax3"
1231,20763,1231,"player_die_ax4"
1232,20778,1232,"player_die_ax5"
1233,20793,1233,"player_die_ax6"
1234,20808,1234,"player_die_ax7"
1235,20823,1235,"player_die_ax8"
1236,20838,1236,"player_die_ax9"
1237,20853,1237,"monster_use"
1238,20865,1238,"monster_death_use"
1239,20883,1239,"walkmonster_start_go"
1240,20904,1240,"walkmonster_start"
1241,20922,1241,"flymonster_start_go"
1242,20942,1242,"flymonster_start"
1243,20959,1243,"swimmonster_start_go"
1244,20980,1244,"swimmonster_start"
1245,20998,1245,"door_blocked"
1246,21011,1246,"door_hit_top"
1247,21024,1247,"door_hit_bottom"
1248,21040,1248,"door_go_down"
1249,21053,1249,"door_go_up"
1250,21064,1250,"door_fire"
1251,21074,1251,"door_use"
1252,21083,1252,"door_trigger_touch"
1253,21102,1253,"door_killed"
1254,21114,1254,"door_touch"
1255,21125,1255,"spawn_field"
1256,21137,1256,"EntitiesTouching"
1257,21154,1257,"LinkDoors"
1258,21164,1258,"func_door"
1259,21174,1259,"fd_secret_use"
1260,21188,1260,"fd_secret_move1"
1261,21204,1261,"fd_secret_move2"
1262,21220,1262,"fd_secret_move3"
1263,21236,1263,"fd_secret_move4"
1264,21252,1264,"fd_secret_move5"
1265,21268,1265,"fd_secret_move6"
1266,21284,1266,"fd_secret_done"
1267,21299,1267,"secret_blocked"
1268,21314,1268,"secret_touch"
1269,21327,1269,"func_door_secret"
1270,21344,1270,"button_wait"
1271,21356,1271,"button_done"
1272,21368,1272,"button_return"
1273,21382,1273,"button_blocked"
1274,21397,1274,"button_fire"
1275,21409,1275,"button_use"
1276,21420,1276,"button_touch"
1277,21433,1277,"button_killed"
1278,21447,1278,"func_button"
1279,21459,1279,"trigger_reactivate"
1280,21478,1280,"multi_wait"
1281,21489,1281,"multi_trigger"
1282,21503,1282,"multi_killed"
1283,21516,1283,"multi_use"
1284,21526,1284,"multi_touch"
1285,21538,1285,"trigger_multiple"
1286,21555,1286,"trigger_once"
1287,21568,1287,"trigger_relay"
1288,21582,1288,"trigger_secret"
1289,21597,1289,"counter_use"
1290,21609,1290,"trigger_counter"
1291,21625,1291,"play_teleport"
1292,21639,1292,"spawn_tfog"
1293,21650,1293,"tdeath_touch"
1294,21663,1294,"spawn_tdeath"
1295,21676,1295,"teleport_touch"
1296,21691,1296,"info_teleport_destination"
1297,21717,1297,"teleport_use"
1298,21730,1298,"trigger_teleport"
1299,21747,1299,"trigger_skill_touch"
1300,21767,1300,"trigger_setskill"
1301,21784,1301,"trigger_onlyregistered_touch"
1302,21813,1302,"trigger_onlyregistered"
1303,21836,1303,"hurt_on"
1304,21844,1304,"hurt_touch"
1305,21855,1305,"trigger_hurt"
1306,21868,1306,"trigger_push_touch"
1307,21887,1307,"trigger_push"
1308,21900,1308,"trigger_monsterjump_touch"
1309,21926,1309,"trigger_monsterjump"
1310,21946,1310,"trigger_rearm_touch"
1311,21966,1311,"trigger_rearm"
1312,21980,1312,"plat_spawn_inside_trigger"
1313,22006,1313,"plat_hit_top"
1314,22019,1314,"plat_hit_bottom"
1315,22035,1315,"plat_go_down"
1316,22048,1316,"plat_go_up"
1317,22059,1317,"plat_center_touch"
1318,22077,1318,"plat_outside_touch"
1319,22096,1319,"plat_trigger_use"
1320,22113,1320,"plat_crush"
1321,22124,1321,"plat_use"
1322,22133,1322,"func_plat"
1323,22143,1323,"train_blocked"
1324,22157,1324,"train_use"
1325,22167,1325,"train_wait"
1326,22178,1326,"train_next"
1327,22189,1327,"func_train_find"
1328,22205,1328,"func_train"
1329,22216,1329,"misc_teleporttrain"
1330,22235,1330,"info_null"
1331,22245,1331,"info_sky"
1332,22254,1332,"info_mins"
1333,22264,1333,"info_maxs"
1334,22274,1334,"info_notnull"
1335,22287,1335,"light_use"
1336,22297,1336,"light"
1337,22303,1337,"light_fluoro"
1338,22316,1338,"light_fluorospark"
1339,22334,1339,"light_globe"
1340,22346,1340,"light_street"
1341,22359,1341,"FireAmbient"
1342,22371,1342,"light_torch_small_walltorch"
1343,22399,1343,"light_flame_large_yellow"
1344,22424,1344,"light_flame_small_yellow"
1345,22449,1345,"light_flame_small_white"
1346,22473,1346,"misc_fireball"
1347,22487,1347,"fire_fly"
1348,22496,1348,"fire_touch"
1349,22507,1349,"barrel_explode"
1350,22522,1350,"misc_explobox"
1351,22536,1351,"misc_explobox2"
1352,22551,1352,"spikeshooter_use"
1353,22568,1353,"shooter_think"
1354,22582,1354,"trap_spikeshooter"
1355,22600,1355,"trap_shooter"
1356,22613,1356,"tmine_boom"
1357,22624,1357,"tmine_touch"
1358,22636,1358,"tmine_activated"
1359,22652,1359,"tmine_start"
1360,22664,1360,"trap_mine"
1361,22674,1361,"air_bubbles"
1362,22686,1362,"make_bubbles"
1363,22699,1363,"bubble_split"
1364,22712,1364,"bubble_remove"
1365,22726,1365,"bubble_bob"
1366,22737,1366,"viewthing"
1367,22747,1367,"func_wall_use"
1368,22761,1368,"func_wall"
1369,22771,1369,"func_illusionary"
1370,22788,1370,"func_episodegate"
1371,22805,1371,"func_bossgate"
1372,22819,1372,"ambient_suck_wind"
1373,22837,1373,"ambient_drone"
1374,22851,1374,"ambient_flouro_buzz"
1375,22871,1375,"ambient_drip"
1376,22884,1376,"ambient_comp_hum"
1377,22901,1377,"ambient_thunder"
1378,22917,1378,"ambient_light_buzz"
1379,22936,1379,"ambient_swamp1"
1380,22951,1380,"ambient_swamp2"
1381,22966,1381,"noise_think"
1382,22978,1382,"misc_noisemaker"
1383,22994,1383,"cutcam_think"
1384,23007,1384,"info_cutcam"
1385,23019,1385,"xwall_checktrig"
1386,23035,1386,"xwall_trigtouch"
1387,23051,1387,"xwall_preparespawn"
1388,23070,1388,"xwall_trigger"
1389,23084,1389,"xwall_pieces"
1390,23097,1390,"xwall_boom"
1391,23108,1391,"xwall_die"
1392,23118,1392,"func_xwall_use"
1393,23133,1393,"xwall_start"
1394,23145,1394,"func_xwall"
1395,23156,1395,"rway_die"
1396,23165,1396,"runway_start"
1397,23178,1397,"func_runway"
1398,23190,1398,"tilt_etank"
1399,23201,1399,"turn_eturret"
1400,23214,1400,"sam_stand"
1401,23224,1401,"sam_walk"
1402,23233,1402,"sam_run"
1403,23241,1403,"sam_death"
1404,23251,1404,"sam_die"
1405,23259,1405,"sam_aim"
1406,23267,1406,"sam_launch"
1407,23278,1407,"start_monster_sam"
1408,23296,1408,"monster_sam"
1409,23308,1409,"aag_stand"
1410,23318,1410,"aag_walk"
1411,23327,1411,"aag_run"
1412,23335,1412,"aag_death"
1413,23345,1413,"aag_die"
1414,23353,1414,"aag_aim"
1415,23361,1415,"aag_launch"
1416,23372,1416,"start_monster_aag"
1417,23390,1417,"monster_aag"
1418,23402,1418,"amg_stand"
1419,23412,1419,"amg_walk"
1420,23421,1420,"amg_run"
1421,23429,1421,"amg_death"
1422,23439,1422,"amg_die"
1423,23447,1423,"amg_aim"
1424,23455,1424,"amg_launch"
1425,23466,1425,"start_monster_amg"
1426,23484,1426,"monster_amg"
1427,23496,1427,"RadFindTarget"
1428,23510,1428,"rad_stand"
1429,23520,1429,"rad_walk"
1430,23529,1430,"rad_run"
1431,23537,1431,"rad_death"
1432,23547,1432,"rad_die"
1433,23555,1433,"rad_aim"
1434,23563,1434,"rad_assign"
1435,23574,1435,"start_monster_rad"
1436,23592,1436,"monster_rad"
1437,23604,1437,"drone_sound"
1438,23616,1438,"T_DroneTouch"
1439,23629,1439,"drone_die"
1440,23639,1440,"drone_fly"
1441,23649,1441,"drone_start"
1442,23661,1442,"monster_drone"
1443,23675,1443,"drone_auto"
1444,23686,1444,"drone_cannon"
1445,23699,1445,"drone_bombs"
1446,23711,1446,"drone_pave"
1447,23722,1447,"drone_maver"
1448,23734,1448,"drone_sider"
1449,23746,1449,"drone2_fly"
1450,23757,1450,"drone2_start"
1451,23770,1451,"monster_drone2"
1452,23785,1452,"Drone_aim"
1453,23795,1453,"he_movetogoal"
1454,23809,1454,"turn_hedrone"
1455,23822,1455,"T_hedroneTouch"
1456,23837,1456,"hedrone_die"
1457,23849,1457,"hedrone_stand"
1458,23863,1458,"hedrone_walk"
1459,23876,1459,"hedrone_run"
1460,23888,1460,"hedrone_start"
1461,23902,1461,"monster_helo"
1462,23915,1462,"dummycraft_touch"
1463,23932,1463,"dummycraft_die"
1464,23947,1464,"monster_dummycraft"
1465,23966,1465,"etank_sound"
1466,23978,1466,"etank_die"
1467,23988,1467,"etank_stand"
1468,24000,1468,"etank_walk"
1469,24011,1469,"etank_run"
1470,24021,1470,"etank_shoot"
1471,24033,1471,"etank_start"
1472,24045,1472,"monster_etank"
1473,24059,1473,"emsam_run"
1474,24069,1474,"emsam_shoot"
1475,24081,1475,"emsam_start"
1476,24093,1476,"monster_emsam"
1477,24107,1477,"ehmmv_sound"
1478,24119,1478,"ehmmv_stand"
1479,24131,1479,"ehmmv_walk"
1480,24142,1480,"ehmmv_run"
1481,24152,1481,"ehmmv_start"
1482,24164,1482,"monster_ehmmv"
1483,24178,1483,"self"
1484,24183,1484,"other"
1485,24189,1485,"world"
1486,24195,1486,"time"
1487,24200,1487,"frametime"
1488,24210,1488,"force_retouch"
1489,24224,1489,"mapname"
1490,24232,1490,"deathmatch"
1491,24243,1491,"coop"
1492,24248,1492,"teamplay"
1493,24257,1493,"serverflags"
1494,24269,1494,"total_secrets"
1495,24283,1495,"total_monsters"
1496,24298,1496,"found_secrets"
1497,24312,1497,"killed_monsters"
1498,24328,1498,"parm1"
1499,24334,1499,"parm2"
1500,24340,1500,"parm3"
1501,24346,1501,"parm4"
1502,24352,1502,"parm5"
1503,24358,1503,"parm6"
1504,24364,1504,"parm7"
1505,24370,1505,"parm8"
1506,24376,1506,"parm9"
1507,24382,1507,"parm10"
1508,24389,1508,"parm11"
1509,24396,1509,"parm12"
1510,24403,1510,"parm13"
1511,24410,1511,"parm14"
1512,24417,1512,"parm15"
1513,24424,1513,"parm16"
1514,24431,1514,"v_forward"
1515,24441,1515,"v_up"
1516,24446,1516,"v_right"
1517,24454,1517,"trace_allsolid"
1518,24469,1518,"trace_startsolid"
1519,24486,1519,"trace_fraction"
1520,24501,1520,"trace_endpos"
1521,24514,1521,"trace_plane_normal"
1522,24533,1522,"trace_plane_dist"
1523,24550,1523,"trace_ent"
1524,24560,1524,"trace_inopen"
1525,24573,1525,"trace_inwater"
1526,24587,1526,"msg_entity"
1527,24598,1527,"main"
1528,24603,1528,"StartFrame"
1529,24614,1529,"PlayerPreThink"
1530,24629,1530,"PlayerPostThink"
1531,24645,1531,"ClientKill"
1532,24656,1532,"ClientConnect"
1533,24670,1533,"PutClientInServer"
1534,24688,1534,"ClientDisconnect"
1535,24705,1535,"SetNewParms"
1536,24717,1536,"SetChangeParms"
1537,24732,1537,"end_sys_globals"
1538,24748,1538,"sky_z"
1539,24754,1539,"minims"
1540,24761,1540,"maxims"
1541,24768,1541,"killedvalues"
1542,24781,1542,"T0"
1543,24784,1543,"IMMEDIATE"
1544,24794,1544,"T1"
1545,24797,1545,"T2"
1546,24800,1546,"checkcl0"
1547,24809,1547,"checkcl1"
1548,24818,1548,"checkcl2"
1549,24827,1549,"allowedcraft"
1550,24840,1550,"allow1"
1551,24847,1551,"allow2"
1552,24854,1552,"numcraft"
1553,24863,1553,"cctime"
1554,24870,1554,"temp1"
1555,24876,1555,"wepmulti"
1556,24885,1556,"admin_p"
1557,24893,1557,"admin_p_1"
1558,24903,1558,"admin_p_2"
1559,24913,1559,"admin_p_3"
1560,24923,1560,"modelindex"
1561,24934,1561,"absmin"
1562,24941,1562,"absmin_x"
1563,24950,1563,"absmin_y"
1564,24959,1564,"absmin_z"
1565,24968,1565,"absmax"
1566,24975,1566,"absmax_x"
1567,24984,1567,"absmax_y"
1568,24993,1568,"absmax_z"
1569,25002,1569,"ltime"
1570,25008,1570,"movetype"
1571,25017,1571,"solid"
1572,25023,1572,"origin"
1573,25030,1573,"origin_x"
1574,25039,1574,"origin_y"
1575,25048,1575,"origin_z"
1576,25057,1576,"oldorigin"
1577,25067,1577,"oldorigin_x"
1578,25079,1578,"oldorigin_y"
1579,25091,1579,"oldorigin_z"
1580,25103,1580,"velocity"
1581,25112,1581,"velocity_x"
1582,25123,1582,"velocity_y"
1583,25134,1583,"velocity_z"
1584,25145,1584,"angles"
1585,25152,1585,"angles_x"
1586,25161,1586,"angles_y"
1587,25170,1587,"angles_z"
1588,25179,1588,"avelocity"
1589,25189,1589,"avelocity_x"
1590,25201,1590,"avelocity_y"
1591,25213,1591,"avelocity_z"
1592,25225,1592,"punchangle"
1593,25236,1593,"punchangle_x"
1594,25249,1594,"punchangle_y"
1595,25262,1595,"punchangle_z"
1596,25275,1596,"classname"
1597,25285,1597,"model"
1598,25291,1598,"frame"
1599,25297,1599,"skin"
1600,25302,1600,"effects"
1601,25310,1601,"mins"
1602,25315,1602,"mins_x"
1603,25322,1603,"mins_y"
1604,25329,1604,"mins_z"
1605,25336,1605,"maxs"
1606,25341,1606,"maxs_x"
1607,25348,1607,"maxs_y"
1608,25355,1608,"maxs_z"
1609,25362,1609,"size"
1610,25367,1610,"size_x"
1611,25374,1611,"size_y"
1612,25381,1612,"size_z"
1613,25388,1613,"touch"
1614,25394,1614,"use"
1615,25398,1615,"think"
1616,25404,1616,"blocked"
1617,25412,1617,"nextthink"
1618,25422,1618,"groundentity"
1619,25435,1619,"health"
1620,25442,1620,"frags"
1621,25448,1621,"weapon"
1622,25455,1622,"weaponmodel"
1623,25467,1623,"weaponframe"
1624,25479,1624,"currentammo"
1625,25491,1625,"ammo_shells"
1626,25503,1626,"ammo_nails"
1627,25514,1627,"ammo_rockets"
1628,25527,1628,"ammo_cells"
1629,25538,1629,"items"
1630,25544,1630,"takedamage"
1631,25555,1631,"chain"
1632,25561,1632,"deadflag"
1633,25570,1633,"view_ofs"
1634,25579,1634,"view_ofs_x"
1635,25590,1635,"view_ofs_y"
1636,25601,1636,"view_ofs_z"
1637,25612,1637,"button0"
1638,25620,1638,"button1"
1639,25628,1639,"button2"
1640,25636,1640,"impulse"
1641,25644,1641,"fixangle"
1642,25653,1642,"v_angle"
1643,25661,1643,"v_angle_x"
1644,25671,1644,"v_angle_y"
1645,25681,1645,"v_angle_z"
1646,25691,1646,"idealpitch"
1647,25702,1647,"netname"
1648,25710,1648,"enemy"
1649,25716,1649,"flags"
1650,25722,1650,"colormap"
1651,25731,1651,"team"
1652,25736,1652,"max_health"
1653,25747,1653,"teleport_time"
1654,25761,1654,"armortype"
1655,25771,1655,"armorvalue"
1656,25782,1656,"waterlevel"
1657,25793,1657,"watertype"
1658,25803,1658,"ideal_yaw"
1659,25813,1659,"yaw_speed"
1660,25823,1660,"aiment"
1661,25830,1661,"goalentity"
1662,25841,1662,"spawnflags"
1663,25852,1663,"target"
1664,25859,1664,"targetname"
1665,25870,1665,"dmg_take"
1666,25879,1666,"dmg_save"
1667,25888,1667,"dmg_inflictor"
1668,25902,1668,"owner"
1669,25908,1669,"movedir"
1670,25916,1670,"movedir_x"
1671,25926,1671,"movedir_y"
1672,25936,1672,"movedir_z"
1673,25946,1673,"message"
1674,25954,1674,"sounds"
1675,25961,1675,"noise"
1676,25967,1676,"noise1"
1677,25974,1677,"noise2"
1678,25981,1678,"noise3"
1679,25988,1679,"end_sys_fields"
1680,26003,1680,"toyview"
1681,26011,1681,"pdmg"
1682,26016,1682,"thru"
1683,26021,1683,"landed"
1684,26028,1684,"value"
1685,26034,1685,"ts"
1686,26037,1686,"oldts"
1687,26043,1687,"ammo_auto"
1688,26053,1688,"ammo_rock"
1689,26063,1689,"ammo_shel"
1690,26073,1690,"ammo_amsl"
1691,26083,1691,"ammo_smsl"
1692,26093,1692,"ammo_bomb"
1693,26103,1693,"ammo_cell"
1694,26113,1694,"ammo_mine"
1695,26123,1695,"wepv"
1696,26128,1696,"spawn_finished"
1697,26143,1697,"unstealth_finished"
1698,26162,1698,"missileview_on"
1699,26177,1699,"lives"
1700,26183,1700,"accesslvl"
1701,26193,1701,"accessparm"
1702,26204,1702,"twonumbers"
1703,26215,1703,"numcurspos"
1704,26226,1704,"gettingnum"
1705,26237,1705,"tur1"
1706,26242,1706,"tur2"
1707,26247,1707,"radiuskiller"
1708,26260,1708,"lastmiss"
1709,26269,1709,"FALSE"
1710,26275,1710,"TRUE"
1711,26280,1711,"FL_FLY"
1712,26287,1712,"FL_SWIM"
1713,26295,1713,"FL_CLIENT"
1714,26305,1714,"FL_INWATER"
1715,26316,1715,"FL_MONSTER"
1716,26327,1716,"FL_GODMODE"
1717,26338,1717,"FL_NOTARGET"
1718,26350,1718,"FL_ITEM"
1719,26358,1719,"FL_ONGROUND"
1720,26370,1720,"FL_PARTIALGROUND"
1721,26387,1721,"FL_WATERJUMP"
1722,26400,1722,"FL_JUMPRELEASED"
1723,26416,1723,"MOVETYPE_NONE"
1724,26430,1724,"MOVETYPE_WALK"
1725,26444,1725,"MOVETYPE_STEP"
1726,26458,1726,"MOVETYPE_FLY"
1727,26471,1727,"MOVETYPE_TOSS"
1728,26485,1728,"MOVETYPE_PUSH"
1729,26499,1729,"MOVETYPE_NOCLIP"
1730,26515,1730,"MOVETYPE_FLYMISSILE"
1731,26535,1731,"MOVETYPE_BOUNCE"
1732,26551,1732,"MOVETYPE_BOUNCEMISSILE"
1733,26574,1733,"SOLID_NOT"
1734,26584,1734,"SOLID_TRIGGER"
1735,26598,1735,"SOLID_BBOX"
1736,26609,1736,"SOLID_SLIDEBOX"
1737,26624,1737,"SOLID_BSP"
1738,26634,1738,"RANGE_MELEE"
1739,26646,1739,"RANGE_NEAR"
1740,26657,1740,"RANGE_MID"
1741,26667,1741,"RANGE_FAR"
1742,26677,1742,"DEAD_NO"
1743,26685,1743,"DEAD_DYING"
1744,26696,1744,"DEAD_DEAD"
1745,26706,1745,"DEAD_RESPAWNABLE"
1746,26723,1746,"DAMAGE_NO"
1747,26733,1747,"DAMAGE_YES"
1748,26744,1748,"DAMAGE_AIM"
1749,26755,1749,"IT_SHELLS"
1750,26765,1750,"IT_NAILS"
1751,26774,1751,"IT_ROCKETS"
1752,26785,1752,"IT_CELLS"
1753,26794,1753,"IT_ARMOR1"
1754,26804,1754,"IT_ARMOR2"
1755,26814,1755,"IT_ARMOR3"
1756,26824,1756,"IT_KEY1"
1757,26832,1757,"IT_KEY2"
1758,26840,1758,"IT_INVISIBILITY"
1759,26856,1759,"IT_INVULNERABILITY"
1760,26875,1760,"IT_SUIT"
1761,26883,1761,"IT_QUAD"
1762,26891,1762,"IT_WEP1"
1763,26899,1763,"IT_WEP2"
1764,26907,1764,"IT_WEP3"
1765,26915,1765,"IT_WEP4"
1766,26923,1766,"CONTENT_EMPTY"
1767,26937,1767,"CONTENT_WATER"
1768,26951,1768,"CONTENT_SLIME"
1769,26965,1769,"CONTENT_LAVA"
1770,26978,1770,"CONTENT_SKY"
1771,26990,1771,"STATE_TOP"
1772,27000,1772,"STATE_BOTTOM"
1773,27013,1773,"STATE_UP"
1774,27022,1774,"STATE_DOWN"
1775,27033,1775,"VEC_ORIGIN"
1776,27044,1776,"VEC_HULL_MIN"
1777,27057,1777,"VEC_HULL_MAX"
1778,27070,1778,"SVC_TEMPENTITY"
1779,27085,1779,"SVC_KILLEDMONSTER"
1780,27103,1780,"SVC_FOUNDSECRET"
1781,27119,1781,"SVC_INTERMISSION"
1782,27136,1782,"SVC_FINALE"
1783,27147,1783,"SVC_CDTRACK"
1784,27159,1784,"SVC_SELLSCREEN"
1785,27174,1785,"TE_SPIKE"
1786,27183,1786,"TE_SUPERSPIKE"
1787,27197,1787,"TE_GUNSHOT"
1788,27208,1788,"TE_EXPLOSION"
1789,27221,1789,"TE_TAREXPLOSION"
1790,27237,1790,"TE_LIGHTNING1"
1791,27251,1791,"TE_LIGHTNING2"
1792,27265,1792,"TE_WIZSPIKE"
1793,27277,1793,"TE_KNIGHTSPIKE"
1794,27292,1794,"TE_LIGHTNING3"
1795,27306,1795,"TE_LAVASPLASH"
1796,27320,1796,"TE_TELEPORT"
1797,27332,1797,"CHAN_AUTO"
1798,27342,1798,"CHAN_WEAPON"
1799,27354,1799,"CHAN_VOICE"
1800,27365,1800,"CHAN_ITEM"
1801,27375,1801,"CHAN_BODY"
1802,27385,1802,"ATTN_NONE"
1803,27395,1803,"ATTN_NORM"
1804,27405,1804,"ATTN_IDLE"
1805,27415,1805,"ATTN_STATIC"
1806,27427,1806,"UPDATE_GENERAL"
1807,27442,1807,"UPDATE_STATIC"
1808,27456,1808,"UPDATE_BINARY"
1809,27470,1809,"UPDATE_TEMP"
1810,27482,1810,"EF_BRIGHTFIELD"
1811,27497,1811,"EF_MUZZLEFLASH"
1812,27512,1812,"EF_BRIGHTLIGHT"
1813,27527,1813,"EF_DIMLIGHT"
1814,27539,1814,"MSG_BROADCAST"
1815,27553,1815,"MSG_ONE"
1816,27561,1816,"MSG_ALL"
1817,27569,1817,"MSG_INIT"
1818,27578,1818,"movedist"
1819,27587,1819,"gameover"
1820,27596,1820,"string_null"
1821,27608,1821,"newmis"
1822,27615,1822,"activator"
1823,27625,1823,"damage_attacker"
1824,27641,1824,"framecount"
1825,27652,1825,"skill"
1826,27658,1826,"wad"
1827,27662,1827,"map"
1828,27666,1828,"worldtype"
1829,27676,1829,"killtarget"
1830,27687,1830,"light_lev"
1831,27697,1831,"style"
1832,27703,1832,"th_stand"
1833,27712,1833,"th_walk"
1834,27720,1834,"th_run"
1835,27727,1835,"th_missile"
1836,27738,1836,"th_melee"
1837,27747,1837,"th_pain"
1838,27755,1838,"th_die"
1839,27762,1839,"oldenemy"
1840,27771,1840,"speed"
1841,27777,1841,"lefty"
1842,27783,1842,"search_time"
1843,27795,1843,"attack_state"
1844,27808,1844,"AS_STRAIGHT"
1845,27820,1845,"AS_SLIDING"
1846,27831,1846,"AS_MELEE"
1847,27840,1847,"AS_MISSILE"
1848,27851,1848,"walkframe"
1849,27861,1849,"attack_finished"
1850,27877,1850,"pain_finished"
1851,27891,1851,"invincible_finished"
1852,27911,1852,"invisible_finished"
1853,27930,1853,"super_damage_finished"
1854,27952,1854,"radsuit_finished"
1855,27969,1855,"invincible_time"
1856,27985,1856,"invincible_sound"
1857,28002,1857,"invisible_time"
1858,28017,1858,"invisible_sound"
1859,28033,1859,"super_time"
1860,28044,1860,"super_sound"
1861,28056,1861,"rad_time"
1862,28065,1862,"fly_sound"
1863,28075,1863,"axhitme"
1864,28083,1864,"show_hostile"
1865,28096,1865,"jump_flag"
1866,28106,1866,"swim_flag"
1867,28116,1867,"air_finished"
1868,28129,1868,"bubble_count"
1869,28142,1869,"deathtype"
1870,28152,1870,"mdl"
1871,28156,1871,"mangle"
1872,28163,1872,"mangle_x"
1873,28172,1873,"mangle_y"
1874,28181,1874,"mangle_z"
1875,28190,1875,"t_length"
1876,28199,1876,"t_width"
1877,28207,1877,"dest"
1878,28212,1878,"dest_x"
1879,28219,1879,"dest_y"
1880,28226,1880,"dest_z"
1881,28233,1881,"dest1"
1882,28239,1882,"dest1_x"
1883,28247,1883,"dest1_y"
1884,28255,1884,"dest1_z"
1885,28263,1885,"dest2"
1886,28269,1886,"dest2_x"
1887,28277,1887,"dest2_y"
1888,28285,1888,"dest2_z"
1889,28293,1889,"wait"
1890,28298,1890,"delay"
1891,28304,1891,"trigger_field"
1892,28318,1892,"noise4"
1893,28325,1893,"pausetime"
1894,28335,1894,"movetarget"
1895,28346,1895,"aflag"
1896,28352,1896,"dmg"
1897,28356,1897,"cnt"
1898,28360,1898,"think1"
1899,28367,1899,"finaldest"
1900,28377,1900,"finaldest_x"
1901,28389,1901,"finaldest_y"
1902,28401,1902,"finaldest_z"
1903,28413,1903,"finalangle"
1904,28424,1904,"finalangle_x"
1905,28437,1905,"finalangle_y"
1906,28450,1906,"finalangle_z"
1907,28463,1907,"count"
1908,28469,1908,"lip"
1909,28473,1909,"state"
1910,28479,1910,"pos1"
1911,28484,1911,"pos1_x"
1912,28491,1912,"pos1_y"
1913,28498,1913,"pos1_z"
1914,28505,1914,"pos2"
1915,28510,1915,"pos2_x"
1916,28517,1916,"pos2_y"
1917,28524,1917,"pos2_z"
1918,28531,1918,"height"
1919,28538,1919,"waitmin"
1920,28546,1920,"waitmax"
1921,28554,1921,"distance"
1922,28563,1922,"volume"
1923,28570,1923,"makevectors"
1924,28582,1924,"setorigin"
1925,28592,1925,"setmodel"
1926,28601,1926,"setsize"
1927,28609,1927,"random"
1928,28616,1928,"sound"
1929,28622,1929,"normalize"
1930,28632,1930,"objerror"
1931,28641,1931,"vlen"
1932,28646,1932,"vectoyaw"
1933,28655,1933,"spawn"
1934,28661,1934,"remove"
1935,28668,1935,"traceline"
1936,28678,1936,"find"
1937,28683,1937,"precache_sound"
1938,28698,1938,"precache_model"
1939,28713,1939,"stuffcmd"
1940,28722,1940,"findradius"
1941,28733,1941,"bprint"
1942,28740,1942,"sprint"
1943,28747,1943,"dprint"
1944,28754,1944,"ftos"
1945,28759,1945,"vtos"
1946,28764,1946,"walkmove"
1947,28773,1947,"droptofloor"
1948,28785,1948,"lightstyle"
1949,28796,1949,"rint"
1950,28801,1950,"floor"
1951,28807,1951,"ceil"
1952,28812,1952,"checkbottom"
1953,28824,1953,"pointcontents"
1954,28838,1954,"fabs"
1955,28843,1955,"cvar"
1956,28848,1956,"localcmd"
1957,28857,1957,"particle"
1958,28866,1958,"ChangeYaw"
1959,28876,1959,"vectoangles"
1960,28888,1960,"WriteByte"
1961,28898,1961,"WriteCoord"
1962,28909,1962,"WriteAngle"
1963,28920,1963,"WriteString"
1964,28932,1964,"WriteEntity"
1965,28944,1965,"movetogoal"
1966,28955,1966,"precache_file"
1967,28969,1967,"makestatic"
1968,28980,1968,"changelevel"
1969,28992,1969,"cvar_set"
1970,29001,1970,"centerprint"
1971,29013,1971,"ambientsound"
1972,29026,1972,"precache_model2"
1973,29042,1973,"precache_sound2"
1974,29058,1974,"precache_file2"
1975,29073,1975,"setspawnparms"
1976,29087,1976,"SUB_CalcMove"
1977,29100,1977,"SUB_CalcAngleMove"
1978,29118,1978,"SUB_CalcMoveDone"
1979,29135,1979,"SUB_CalcAngleMoveDone"
1980,29157,1980,"SUB_UseTargets"
1981,29172,1981,"SUB_Remove"
1982,29183,1982,"T_Damage"
1983,29192,1983,"CanDamage"
1984,29202,1984,"SUB_Null"
1985,29211,1985,"SetMovedir"
1986,29222,1986,"InitTrigger"
1987,29234,1987,"ent"
1988,29238,1988,"tdest"
1989,29244,1989,"tspeed"
1990,29251,1990,"func"
1991,29256,1991,"stemp"
1992,29262,1992,"tdest"
1993,29268,1993,"tspeed"
1994,29275,1994,"func"
1995,29280,1995,"vdestdelta"
1996,29291,1996,"len"
1997,29295,1997,"traveltime"
1998,29306,1998,"ent"
1999,29310,1999,"destangle"
2000,29320,2000,"tspeed"
2001,29327,2001,"func"
2002,29332,2002,"stemp"
2003,29338,2003,"destangle"
2004,29348,2004,"tspeed"
2005,29355,2005,"func"
2006,29360,2006,"destdelta"
2007,29370,2007,"len"
2008,29374,2008,"traveltime"
2009,29385,2009,"DelayThink"
2010,29396,2010,"t"
2011,29398,2011,"stemp"
2012,29404,2012,"otemp"
2013,29410,2013,"act"
2014,29414,2014,"SUB_AttackFinished"
2015,29433,2015,"normal"
2016,29440,2016,"visible"
2017,29448,2017,"thinkst"
2018,29456,2018,"calcbit"
2019,29464,2019,"n"
2020,29466,2020,"checkcli"
2021,29475,2021,"tstr"
2022,29480,2022,"change_cc"
2023,29490,2023,"tstr"
2024,29495,2024,"e"
2025,29497,2025,"oe"
2026,29500,2026,"tmp"
2027,29504,2027,"check_allowed"
2028,29518,2028,"n"
2029,29520,2029,"tmp"
2030,29524,2030,"add_allowedcraft"
2031,29541,2031,"n"
2032,29543,2032,"t"
2033,29545,2033,"tmp"
2034,29549,2034,"f1"
2035,29552,2035,"f2"
2036,29555,2036,"givefrags"
2037,29565,2037,"to"
2038,29568,2038,"from"
2039,29573,2039,"num"
2040,29577,2040,"giveteamfrags"
2041,29591,2041,"to"
2042,29594,2042,"num"
2043,29598,2043,"e"
2044,29600,2044,"teamprint"
2045,29610,2045,"to"
2046,29613,2046,"str"
2047,29617,2047,"e"
2048,29619,2048,"checkground"
2049,29631,2049,"place_targetbox"
2050,29647,2050,"e"
2051,29649,2051,"v0"
2052,29652,2052,"v1"
2053,29655,2053,"v2"
2054,29658,2054,"orgia"
2055,29664,2055,"targ"
2056,29669,2056,"v"
2057,29671,2057,"setup_teament"
2058,29685,2058,"send_voicemsg"
2059,29699,2059,"n"
2060,29701,2060,"to"
2061,29704,2061,"e"
2062,29706,2062,"wave"
2063,29711,2063,"anglemod"
2064,29720,2064,"ai_face"
2065,29728,2065,"enemy_vis"
2066,29738,2066,"enemy_infront"
2067,29752,2067,"enemy_range"
2068,29764,2068,"enemy_yaw"
2069,29774,2069,"CheckAttack"
2070,29786,2070,"spot1"
2071,29792,2071,"spot2"
2072,29798,2072,"targ"
2073,29803,2073,"chance"
2074,29810,2074,"infront"
2075,29818,2075,"range"
2076,29824,2076,"d"
2077,29826,2077,"ai_charge_side"
2078,29841,2078,"dtemp"
2079,29847,2079,"heading"
2080,29855,2080,"delta"
2081,29861,2081,"ldmg"
2082,29866,2082,"delta"
2083,29872,2083,"ldmg"
2084,29877,2084,"movetarget_f"
2085,29890,2085,"t_movetarget"
2086,29903,2086,"sight_entity"
2087,29916,2087,"sight_entity_time"
2088,29934,2088,"v"
2089,29936,2089,"temp"
2090,29941,2090,"r"
2091,29943,2091,"mr"
2092,29946,2092,"v1"
2093,29949,2093,"v2"
2094,29952,2094,"targ"
2095,29957,2095,"spot1"
2096,29963,2096,"spot2"
2097,29969,2097,"r"
2098,29971,2098,"targ"
2099,29976,2099,"spot1"
2100,29982,2100,"spot2"
2101,29988,2101,"targ"
2102,29993,2102,"vec"
2103,29997,2103,"dot"
2104,30001,2104,"HuntTarget"
2105,30012,2105,"SightSound"
2106,30023,2106,"FoundTarget"
2107,30035,2107,"FindTarget"
2108,30046,2108,"e"
2109,30048,2109,"client"
2110,30055,2110,"r"
2111,30057,2111,"mr"
2112,30060,2112,"org"
2113,30064,2113,"teststr"
2114,30072,2114,"ret*"
2115,30077,2115,"dist"
2116,30082,2116,"ai_back"
2117,30090,2117,"dist"
2118,30095,2118,"dist"
2119,30100,2119,"dist"
2120,30105,2120,"dist"
2121,30110,2121,"dest3"
2122,30116,2122,"dir"
2123,30120,2123,"newdir"
2124,30127,2124,"FacingIdeal"
2125,30139,2125,"delta"
2126,30145,2126,"CheckAnyAttack"
2127,30160,2127,"ret*"
2128,30165,2128,"ai_run_melee"
2129,30178,2129,"ai_run_missile"
2130,30193,2130,"ai_run_slide"
2131,30206,2131,"ofs"
2132,30210,2132,"dist"
2133,30215,2133,"AC_Obituary"
2134,30227,2134,"monster_death_use"
2135,30245,2135,"targ"
2136,30250,2136,"inflictor"
2137,30260,2137,"Killed"
2138,30267,2138,"targ"
2139,30272,2139,"attacker"
2140,30281,2140,"oself"
2141,30287,2141,"targ"
2142,30292,2142,"inflictor"
2143,30302,2143,"attacker"
2144,30311,2144,"damage"
2145,30318,2145,"oldself"
2146,30326,2146,"save"
2147,30331,2147,"take"
2148,30336,2148,"T_RadiusDamage"
2149,30351,2149,"inflictor"
2150,30361,2150,"attacker"
2151,30370,2151,"damage"
2152,30377,2152,"ignore"
2153,30384,2153,"points"
2154,30391,2154,"head"
2155,30396,2155,"org"
2156,30400,2156,"attacker"
2157,30409,2157,"damage"
2158,30416,2158,"points"
2159,30423,2159,"head"
2160,30428,2160,"player_run"
2161,30439,2161,"SpawnBlood"
2162,30450,2162,"SuperDamageSound"
2163,30467,2163,"AC_Flare"
2164,30476,2164,"AC_Die"
2165,30483,2165,"AC_aim"
2166,30490,2166,"T_ACTouch"
2167,30500,2167,"check_ammo"
2168,30511,2168,"W_Precache"
2169,30522,2169,"crandom"
2170,30530,2170,"wall_velocity"
2171,30544,2171,"vel"
2172,30548,2172,"org"
2173,30552,2173,"vel"
2174,30556,2174,"missile"
2175,30564,2175,"org"
2176,30568,2176,"vel"
2177,30572,2177,"damage"
2178,30579,2178,"spawn_touchblood"
2179,30596,2179,"damage"
2180,30603,2180,"vel"
2181,30607,2181,"org"
2182,30611,2182,"vel"
2183,30615,2183,"multi_ent"
2184,30625,2184,"multi_damage"
2185,30638,2185,"ClearMultiDamage"
2186,30655,2186,"ApplyMultiDamage"
2187,30672,2187,"AddMultiDamage"
2188,30687,2188,"hit"
2189,30691,2189,"damage"
2190,30698,2190,"TraceAttack"
2191,30710,2191,"damage"
2192,30717,2192,"dir"
2193,30721,2193,"vel"
2194,30725,2194,"org"
2195,30729,2195,"shotcount"
2196,30739,2196,"dir"
2197,30743,2197,"spread"
2198,30750,2198,"direction"
2199,30760,2199,"src"
2200,30764,2200,"s_explode1"
2201,30775,2201,"s_explode2"
2202,30786,2202,"s_explode3"
2203,30797,2203,"s_explode4"
2204,30808,2204,"s_explode5"
2205,30819,2205,"s_explode6"
2206,30830,2206,"BecomeExplosion"
2207,30846,2207,"damg"
2208,30851,2208,"p1"
2209,30854,2209,"p2"
2210,30857,2210,"from"
2211,30862,2211,"damage"
2212,30869,2212,"e1"
2213,30872,2213,"e2"
2214,30875,2214,"f"
2215,30877,2215,"spike_touch"
2216,30889,2216,"org"
2217,30893,2217,"dir"
2218,30897,2218,"hit_z"
2219,30903,2219,"W_SetCurrentAmmo"
2220,30920,2220,"W_BestWeapon"
2221,30933,2221,"W_ChangeWeapon"
2222,30948,2222,"it"
2223,30951,2223,"am"
2224,30954,2224,"fl"
2225,30957,2225,"CheatCommand"
2226,30970,2226,"CycleWeaponCommand"
2227,30989,2227,"it"
2228,30992,2228,"am"
2229,30995,2229,"CycleWeaponReverseCommand"
2230,31021,2230,"it"
2231,31024,2231,"am"
2232,31027,2232,"ServerflagsCommand"
2233,31046,2233,"QuadCheat"
2234,31056,2234,"ImpulseCommands"
2235,31072,2235,"v1"
2236,31075,2236,"W_WeaponFrame"
2237,31089,2237,"e"
2238,31091,2238,"atype"
2239,31097,2239,"SUB_regen"
2240,31107,2240,"ACPlaceItem"
2241,31119,2241,"ACStartItem"
2242,31131,2242,"ACammo_touch"
2243,31144,2243,"stemp"
2244,31150,2244,"pler"
2245,31155,2245,"health_touch"
2246,31168,2246,"start_flagsoldier"
2247,31186,2247,"flagcollected_think"
2248,31206,2248,"it1"
2249,31210,2249,"flagsoldier_touch"
2250,31228,2250,"e"
2251,31230,2251,"it1"
2252,31234,2252,"it2"
2253,31238,2253,"AC_Explode"
2254,31249,2254,"s_bexplode1"
2255,31261,2255,"s_bexplode2"
2256,31273,2256,"s_bexplode3"
2257,31285,2257,"s_bexplode4"
2258,31297,2258,"s_bexplode5"
2259,31309,2259,"inflictor"
2260,31319,2260,"attacker"
2261,31328,2261,"damage"
2262,31335,2262,"ignore"
2263,31342,2263,"points"
2264,31349,2264,"head"
2265,31354,2265,"org"
2266,31358,2266,"ACprojectile_expireboom"
2267,31382,2267,"ACprojectile_touchboom"
2268,31405,2268,"damg"
2269,31410,2269,"ACsuperspike_touch"
2270,31429,2270,"damg"
2271,31434,2271,"ACspike_touch"
2272,31448,2272,"AC_spike"
2273,31457,2273,"org"
2274,31461,2274,"dir"
2275,31465,2275,"targ"
2276,31470,2276,"AC_bullet"
2277,31480,2277,"org"
2278,31484,2278,"dir"
2279,31488,2279,"targ"
2280,31493,2280,"AClaser_touch"
2281,31507,2281,"org"
2282,31511,2282,"org"
2283,31515,2283,"dir"
2284,31519,2284,"targ"
2285,31524,2285,"LaunchLaser"
2286,31536,2286,"org"
2287,31540,2287,"vec"
2288,31544,2288,"AC_rocket"
2289,31554,2289,"org"
2290,31558,2290,"dir"
2291,31562,2291,"targ"
2292,31567,2292,"mine_boom"
2293,31577,2293,"mine_activated"
2294,31592,2294,"bomb_rotate"
2295,31604,2295,"AC_bomb"
2296,31612,2296,"org"
2297,31616,2297,"dir"
2298,31620,2298,"targ"
2299,31625,2299,"AC_mine"
2300,31633,2300,"org"
2301,31637,2301,"dir"
2302,31641,2302,"targ"
2303,31646,2303,"paveway_fly"
2304,31658,2304,"v0"
2305,31661,2305,"v1"
2306,31664,2306,"AC_paveway"
2307,31675,2307,"org"
2308,31679,2308,"dir"
2309,31683,2309,"targ"
2310,31688,2310,"v0"
2311,31691,2311,"detpak_boom"
2312,31703,2312,"detpak_active"
2313,31717,2313,"detpak_fall"
2314,31729,2314,"AC_detpak"
2315,31739,2315,"org"
2316,31743,2316,"dir"
2317,31747,2317,"ACmissile_home"
2318,31762,2318,"dir"
2319,31766,2319,"org"
2320,31770,2320,"v0"
2321,31773,2321,"v1"
2322,31776,2322,"v2"
2323,31779,2323,"AC_seekingmissile"
2324,31797,2324,"org"
2325,31801,2325,"dir"
2326,31805,2326,"targ"
2327,31810,2327,"dm"
2328,31813,2328,"AC_heatseeker"
2329,31827,2329,"org"
2330,31831,2330,"dir"
2331,31835,2331,"targ"
2332,31840,2332,"AC_miniseeker"
2333,31854,2333,"org"
2334,31858,2334,"dir"
2335,31862,2335,"targ"
2336,31867,2336,"org"
2337,31871,2337,"dir"
2338,31875,2338,"targ"
2339,31880,2339,"AC_sidewinder"
2340,31894,2340,"org"
2341,31898,2341,"dir"
2342,31902,2342,"targ"
2343,31907,2343,"AC_amraam"
2344,31917,2344,"org"
2345,31921,2345,"dir"
2346,31925,2346,"targ"
2347,31930,2347,"AC_stinger"
2348,31941,2348,"org"
2349,31945,2349,"dir"
2350,31949,2350,"targ"
2351,31954,2351,"AC_maverick"
2352,31966,2352,"org"
2353,31970,2353,"dir"
2354,31974,2354,"targ"
2355,31979,2355,"AC_hellfire"
2356,31991,2356,"org"
2357,31995,2357,"dir"
2358,31999,2358,"targ"
2359,32004,2359,"s_pexplode0"
2360,32016,2360,"s_pexplode1"
2361,32028,2361,"s_pexplode2"
2362,32040,2362,"s_pexplode3"
2363,32052,2363,"s_pexplode4"
2364,32064,2364,"s_pexplode5"
2365,32076,2365,"PlasmaExplosion"
2366,32092,2366,"Plasma_Watercheck"
2367,32110,2367,"pc"
2368,32113,2368,"ACplasma_touch"
2369,32128,2369,"damg"
2370,32133,2370,"AC_plasma"
2371,32143,2371,"org"
2372,32147,2372,"dir"
2373,32151,2373,"targ"
2374,32156,2374,"flare_touch"
2375,32168,2375,"e"
2376,32170,2376,"AC_Fall"
2377,32178,2377,"fire_touch"
2378,32189,2378,"cammy_think"
2379,32201,2379,"target_think"
2380,32214,2380,"vehicle_think"
2381,32228,2381,"Create_chasecam"
2382,32244,2382,"e"
2383,32246,2383,"Check_minsmaxs"
2384,32261,2384,"e"
2385,32263,2385,"Throw_ACgib"
2386,32275,2386,"targ"
2387,32280,2387,"attacker"
2388,32289,2388,"deathstring"
2389,32301,2389,"deathstring2"
2390,32314,2390,"minim"
2391,32320,2391,"maxdist"
2392,32328,2392,"e"
2393,32330,2393,"re"
2394,32333,2394,"f1"
2395,32336,2395,"f2"
2396,32339,2396,"flg"
2397,32343,2397,"min"
2398,32347,2398,"v1"
2399,32350,2399,"v2"
2400,32353,2400,"org"
2401,32357,2401,"AC_aim2"
2402,32365,2402,"minim"
2403,32371,2403,"maxdist"
2404,32379,2404,"e"
2405,32381,2405,"re"
2406,32384,2406,"f1"
2407,32387,2407,"f2"
2408,32390,2408,"flg"
2409,32394,2409,"min"
2410,32398,2410,"v1"
2411,32401,2411,"v2"
2412,32404,2412,"org"
2413,32408,2413,"temp"
2414,32413,2414,"v1"
2415,32416,2415,"v2"
2416,32419,2416,"v3"
2417,32422,2417,"HE_Fall"
2418,32430,2418,"T_HETouch"
2419,32440,2419,"temp"
2420,32445,2420,"v1"
2421,32448,2421,"v2"
2422,32451,2422,"HE_Die"
2423,32458,2423,"jet_sound"
2424,32468,2424,"tmp"
2425,32472,2425,"f1"
2426,32475,2426,"veh"
2427,32479,2427,"plane_upright"
2428,32493,2428,"stemp"
2429,32499,2429,"v1"
2430,32502,2430,"Turn_plane"
2431,32513,2431,"v0"
2432,32516,2432,"sp_x"
2433,32521,2433,"sp_y"
2434,32526,2434,"sp_st"
2435,32532,2435,"stemp"
2436,32538,2436,"v1"
2437,32541,2437,"v2"
2438,32544,2438,"Steer_plane"
2439,32556,2439,"sp_x"
2440,32561,2440,"sp_y"
2441,32566,2441,"sp_st"
2442,32572,2442,"stemp"
2443,32578,2443,"v0"
2444,32581,2444,"tmp"
2445,32585,2445,"Check_startlanded"
2446,32603,2446,"stemp"
2447,32609,2447,"setplanespeed"
2448,32623,2448,"tsp"
2449,32627,2449,"asp"
2450,32631,2450,"dsp"
2451,32635,2451,"stemp"
2452,32641,2452,"DeathBubbles"
2453,32654,2453,"gv_tilt"
2454,32662,2454,"v1"
2455,32665,2455,"v2"
2456,32668,2456,"v3"
2457,32671,2457,"v4"
2458,32674,2458,"l1"
2459,32677,2459,"l2"
2460,32680,2460,"l3"
2461,32683,2461,"l4"
2462,32686,2462,"r1"
2463,32689,2463,"r2"
2464,32692,2464,"w1"
2465,32695,2465,"w2"
2466,32698,2466,"vehicle"
2467,32706,2467,"hv_tilt"
2468,32714,2468,"fac"
2469,32718,2469,"v1"
2470,32721,2470,"v2"
2471,32724,2471,"v3"
2472,32727,2472,"v4"
2473,32730,2473,"l1"
2474,32733,2474,"l2"
2475,32736,2475,"l3"
2476,32739,2476,"l4"
2477,32742,2477,"r1"
2478,32745,2478,"r2"
2479,32748,2479,"w1"
2480,32751,2480,"w2"
2481,32754,2481,"vehicle"
2482,32762,2482,"Turn_groundveh"
2483,32777,2483,"v0"
2484,32780,2484,"sp_x"
2485,32785,2485,"sp_y"
2486,32790,2486,"stemp"
2487,32796,2487,"v1"
2488,32799,2488,"v2"
2489,32802,2489,"v3"
2490,32805,2490,"v_a"
2491,32809,2491,"f1"
2492,32812,2492,"f2"
2493,32815,2493,"f3"
2494,32818,2494,"Steer_groundveh"
2495,32834,2495,"sp_x"
2496,32839,2496,"sp_y"
2497,32844,2497,"stemp"
2498,32850,2498,"v0"
2499,32853,2499,"tmp"
2500,32857,2500,"Turn_hover"
2501,32868,2501,"v0"
2502,32871,2502,"sp_x"
2503,32876,2503,"sp_y"
2504,32881,2504,"stemp"
2505,32887,2505,"v1"
2506,32890,2506,"v2"
2507,32893,2507,"v3"
2508,32896,2508,"v_a"
2509,32900,2509,"f1"
2510,32903,2510,"f2"
2511,32906,2511,"f3"
2512,32909,2512,"lck"
2513,32913,2513,"Steer_hover"
2514,32925,2514,"sp_x"
2515,32930,2515,"sp_y"
2516,32935,2516,"stemp"
2517,32941,2517,"v0"
2518,32944,2518,"tmp"
2519,32948,2519,"GV_aim"
2520,32955,2520,"minim"
2521,32961,2521,"maxdist"
2522,32969,2522,"e"
2523,32971,2523,"re"
2524,32974,2524,"f1"
2525,32977,2525,"f2"
2526,32980,2526,"flg"
2527,32984,2527,"v1"
2528,32987,2528,"v2"
2529,32990,2529,"org"
2530,32994,2530,"GV_Die"
2531,33001,2531,"ac1_currentammo"
2532,33017,2532,"ac1_steer"
2533,33027,2533,"stemp"
2534,33033,2534,"v1"
2535,33036,2535,"v2"
2536,33039,2536,"v3"
2537,33042,2537,"tmp"
2538,33046,2538,"osk"
2539,33050,2539,"ac1_attack"
2540,33061,2540,"v1"
2541,33064,2541,"v2"
2542,33067,2542,"start_aircraft1"
2543,33083,2543,"e"
2544,33085,2544,"e2"
2545,33088,2545,"ac2_currentammo"
2546,33104,2546,"ac2_steer"
2547,33114,2547,"stemp"
2548,33120,2548,"v1"
2549,33123,2549,"v2"
2550,33126,2550,"v3"
2551,33129,2551,"tmp"
2552,33133,2552,"ac2_attack"
2553,33144,2553,"v1"
2554,33147,2554,"v2"
2555,33150,2555,"start_aircraft2"
2556,33166,2556,"e"
2557,33168,2557,"e2"
2558,33171,2558,"ac3_currentammo"
2559,33187,2559,"ac3_steer"
2560,33197,2560,"stemp"
2561,33203,2561,"v1"
2562,33206,2562,"v2"
2563,33209,2563,"v3"
2564,33212,2564,"tmp"
2565,33216,2565,"ac3_attack"
2566,33227,2566,"v1"
2567,33230,2567,"v2"
2568,33233,2568,"start_aircraft3"
2569,33249,2569,"e"
2570,33251,2570,"e2"
2571,33254,2571,"ac4_currentammo"
2572,33270,2572,"ac4_steer"
2573,33280,2573,"stemp"
2574,33286,2574,"v1"
2575,33289,2575,"v2"
2576,33292,2576,"v3"
2577,33295,2577,"tmp"
2578,33299,2578,"ac4_attack"
2579,33310,2579,"v1"
2580,33313,2580,"v2"
2581,33316,2581,"start_aircraft4"
2582,33332,2582,"e"
2583,33334,2583,"e2"
2584,33337,2584,"ac5_currentammo"
2585,33353,2585,"ac5_steer"
2586,33363,2586,"stemp"
2587,33369,2587,"v1"
2588,33372,2588,"v2"
2589,33375,2589,"v3"
2590,33378,2590,"tmp"
2591,33382,2591,"ac5_attack"
2592,33393,2592,"v1"
2593,33396,2593,"v2"
2594,33399,2594,"start_aircraft5"
2595,33415,2595,"e"
2596,33417,2596,"e2"
2597,33420,2597,"he1_currentammo"
2598,33436,2598,"he1_steer"
2599,33446,2599,"stemp"
2600,33452,2600,"v0"
2601,33455,2601,"v1"
2602,33458,2602,"v2"
2603,33461,2603,"v3"
2604,33464,2604,"tmp"
2605,33468,2605,"mov"
2606,33472,2606,"he1_attack"
2607,33483,2607,"v1"
2608,33486,2608,"v2"
2609,33489,2609,"start_helo1"
2610,33501,2610,"e"
2611,33503,2611,"e2"
2612,33506,2612,"gv1_steer"
2613,33516,2613,"veh"
2614,33520,2614,"v1"
2615,33523,2615,"v2"
2616,33526,2616,"v3"
2617,33529,2617,"tmp"
2618,33533,2618,"gv1_attack"
2619,33544,2619,"v1"
2620,33547,2620,"v2"
2621,33550,2621,"stemp"
2622,33556,2622,"e"
2623,33558,2623,"gv1_currentammo"
2624,33574,2624,"start_groundveh1"
2625,33591,2625,"e"
2626,33593,2626,"e2"
2627,33596,2627,"gv2_steer"
2628,33606,2628,"veh"
2629,33610,2629,"v1"
2630,33613,2630,"v2"
2631,33616,2631,"v3"
2632,33619,2632,"tmp"
2633,33623,2633,"gv2_attack"
2634,33634,2634,"v1"
2635,33637,2635,"v2"
2636,33640,2636,"stemp"
2637,33646,2637,"e"
2638,33648,2638,"gv2_currentammo"
2639,33664,2639,"start_groundveh2"
2640,33681,2640,"e"
2641,33683,2641,"e2"
2642,33686,2642,"gv3_steer"
2643,33696,2643,"veh"
2644,33700,2644,"v1"
2645,33703,2645,"v2"
2646,33706,2646,"v3"
2647,33709,2647,"tmp"
2648,33713,2648,"gv3_attack"
2649,33724,2649,"v1"
2650,33727,2650,"v2"
2651,33730,2651,"stemp"
2652,33736,2652,"e"
2653,33738,2653,"tmp"
2654,33742,2654,"gv3_currentammo"
2655,33758,2655,"start_groundveh3"
2656,33775,2656,"e"
2657,33777,2657,"e2"
2658,33780,2658,"gv4_steer"
2659,33790,2659,"veh"
2660,33794,2660,"v1"
2661,33797,2661,"v2"
2662,33800,2662,"v3"
2663,33803,2663,"sp"
2664,33806,2664,"tmp"
2665,33810,2665,"f1"
2666,33813,2666,"gv4_attack"
2667,33824,2667,"v1"
2668,33827,2668,"v2"
2669,33830,2669,"stemp"
2670,33836,2670,"e"
2671,33838,2671,"gv4_currentammo"
2672,33854,2672,"start_groundveh4"
2673,33871,2673,"e"
2674,33873,2674,"e2"
2675,33876,2675,"InitBodyQue"
2676,33888,2676,"lastspawn"
2677,33898,2677,"n"
2678,33900,2678,"st"
2679,33903,2679,"bodyque_head"
2680,33916,2680,"ent"
2681,33920,2681,"trigger_runway_touch"
2682,33941,2682,"toffrunway_start"
2683,33958,2683,"e"
2684,33960,2684,"landrunway_start"
2685,33977,2685,"e"
2686,33979,2686,"control_think"
2687,33993,2687,"start_control"
2688,34007,2688,"comm_control"
2689,34020,2689,"f1"
2690,34023,2690,"e"
2691,34025,2691,"e2"
2692,34028,2692,"teststr"
2693,34036,2693,"Adminmenu"
2694,34046,2694,"CheckAdminCmd"
2695,34060,2695,"n"
2696,34062,2696,"n2"
2697,34065,2697,"p"
2698,34067,2698,"st"
2699,34070,2699,"player_pain"
2700,34082,2700,"player_stand1"
2701,34096,2701,"spawn_tfog"
2702,34107,2702,"spawn_tdeath"
2703,34120,2703,"modelindex_eyes"
2704,34136,2704,"modelindex_player"
2705,34154,2705,"intermission_running"
2706,34175,2706,"intermission_exittime"
2707,34197,2707,"DecodeLevelParms"
2708,34214,2708,"FindIntermission"
2709,34231,2709,"spot"
2710,34236,2710,"cyc"
2711,34240,2711,"nextmap"
2712,34248,2712,"GotoNextMap"
2713,34260,2713,"fs"
2714,34263,2714,"f1"
2715,34266,2715,"ExitIntermission"
2716,34283,2716,"IntermissionThink"
2717,34301,2717,"execute_changelevel"
2718,34321,2718,"pos"
2719,34325,2719,"changelevel_touch"
2720,34343,2720,"set_suicide_frame"
2721,34361,2721,"respawn"
2722,34369,2722,"v"
2723,34371,2723,"SelectAirSpawnPoint"
2724,34391,2724,"spot"
2725,34396,2725,"e1"
2726,34399,2726,"e2"
2727,34402,2727,"tmp"
2728,34406,2728,"f1"
2729,34409,2729,"lop"
2730,34413,2730,"teststr"
2731,34421,2731,"PlayerDie"
2732,34431,2732,"spot"
2733,34436,2733,"tmp"
2734,34440,2734,"f1"
2735,34443,2735,"f2"
2736,34446,2736,"NextLevel"
2737,34456,2737,"o"
2738,34458,2738,"CheckRules"
2739,34469,2739,"timelimit"
2740,34479,2740,"fraglimit"
2741,34489,2741,"PlayerDeathThink"
2742,34506,2742,"e"
2743,34508,2743,"e2"
2744,34511,2744,"forward"
2745,34519,2745,"tmp"
2746,34523,2746,"tmp2"
2747,34528,2747,"teststr"
2748,34536,2748,"e"
2749,34538,2749,"teststr"
2750,34546,2750,"SetCameraPlace"
2751,34561,2751,"stemp"
2752,34567,2752,"r"
2753,34569,2753,"v1"
2754,34572,2754,"v2"
2755,34575,2755,"v1"
2756,34578,2756,"e"
2757,34580,2757,"bubble_bob"
2758,34591,2758,"player_shot2"
2759,34604,2759,"player_shot3"
2760,34617,2760,"player_shot4"
2761,34630,2761,"player_shot5"
2762,34643,2762,"player_shot6"
2763,34656,2763,"player_axe2"
2764,34668,2764,"player_axe3"
2765,34680,2765,"player_axe4"
2766,34692,2766,"player_axeb2"
2767,34705,2767,"player_axeb3"
2768,34718,2768,"player_axeb4"
2769,34731,2769,"player_axec2"
2770,34744,2770,"player_axec3"
2771,34757,2771,"player_axec4"
2772,34770,2772,"player_axed2"
2773,34783,2773,"player_axed3"
2774,34796,2774,"player_axed4"
2775,34809,2775,"player_nail1"
2776,34822,2776,"player_nail2"
2777,34835,2777,"player_light1"
2778,34849,2778,"player_light2"
2779,34863,2779,"player_rocket2"
2780,34878,2780,"player_rocket3"
2781,34893,2781,"player_rocket4"
2782,34908,2782,"player_rocket5"
2783,34923,2783,"player_rocket6"
2784,34938,2784,"PainSound"
2785,34948,2785,"rs"
2786,34951,2786,"player_pain1"
2787,34964,2787,"player_pain2"
2788,34977,2788,"player_pain3"
2789,34990,2789,"player_pain4"
2790,35003,2790,"player_pain5"
2791,35016,2791,"player_pain6"
2792,35029,2792,"player_axpain1"
2793,35044,2793,"player_axpain2"
2794,35059,2794,"player_axpain3"
2795,35074,2795,"player_axpain4"
2796,35089,2796,"player_axpain5"
2797,35104,2797,"player_axpain6"
2798,35119,2798,"player_diea1"
2799,35132,2799,"player_dieb1"
2800,35145,2800,"player_diec1"
2801,35158,2801,"player_died1"
2802,35171,2802,"player_diee1"
2803,35184,2803,"player_die_ax1"
2804,35199,2804,"DeathBubblesSpawn"
2805,35217,2805,"bubble"
2806,35224,2806,"num_bubbles"
2807,35236,2807,"bubble_spawner"
2808,35251,2808,"DeathSound"
2809,35262,2809,"rs"
2810,35265,2810,"PlayerDead"
2811,35276,2811,"VelocityForDamage"
2812,35294,2812,"dm"
2813,35297,2813,"v"
2814,35299,2814,"ThrowGib"
2815,35308,2815,"gibname"
2816,35316,2816,"dm"
2817,35319,2817,"new"
2818,35323,2818,"gibname"
2819,35331,2819,"dm"
2820,35334,2820,"GibPlayer"
2821,35344,2821,"i"
2822,35346,2822,"player_diea2"
2823,35359,2823,"player_diea3"
2824,35372,2824,"player_diea4"
2825,35385,2825,"player_diea5"
2826,35398,2826,"player_diea6"
2827,35411,2827,"player_diea7"
2828,35424,2828,"player_diea8"
2829,35437,2829,"player_diea9"
2830,35450,2830,"player_diea10"
2831,35464,2831,"player_diea11"
2832,35478,2832,"player_dieb2"
2833,35491,2833,"player_dieb3"
2834,35504,2834,"player_dieb4"
2835,35517,2835,"player_dieb5"
2836,35530,2836,"player_dieb6"
2837,35543,2837,"player_dieb7"
2838,35556,2838,"player_dieb8"
2839,35569,2839,"player_dieb9"
2840,35582,2840,"player_diec2"
2841,35595,2841,"player_diec3"
2842,35608,2842,"player_diec4"
2843,35621,2843,"player_diec5"
2844,35634,2844,"player_diec6"
2845,35647,2845,"player_diec7"
2846,35660,2846,"player_diec8"
2847,35673,2847,"player_diec9"
2848,35686,2848,"player_diec10"
2849,35700,2849,"player_diec11"
2850,35714,2850,"player_diec12"
2851,35728,2851,"player_diec13"
2852,35742,2852,"player_diec14"
2853,35756,2853,"player_diec15"
2854,35770,2854,"player_died2"
2855,35783,2855,"player_died3"
2856,35796,2856,"player_died4"
2857,35809,2857,"player_died5"
2858,35822,2858,"player_died6"
2859,35835,2859,"player_died7"
2860,35848,2860,"player_died8"
2861,35861,2861,"player_died9"
2862,35874,2862,"player_diee2"
2863,35887,2863,"player_diee3"
2864,35900,2864,"player_diee4"
2865,35913,2865,"player_diee5"
2866,35926,2866,"player_diee6"
2867,35939,2867,"player_diee7"
2868,35952,2868,"player_diee8"
2869,35965,2869,"player_diee9"
2870,35978,2870,"player_die_ax2"
2871,35993,2871,"player_die_ax3"
2872,36008,2872,"player_die_ax4"
2873,36023,2873,"player_die_ax5"
2874,36038,2874,"player_die_ax6"
2875,36053,2875,"player_die_ax7"
2876,36068,2876,"player_die_ax8"
2877,36083,2877,"player_die_ax9"
2878,36098,2878,"monster_use"
2879,36110,2879,"walkmonster_start_go"
2880,36131,2880,"flymonster_start_go"
2881,36151,2881,"swimmonster_start_go"
2882,36172,2882,"DOOR_START_OPEN"
2883,36188,2883,"DOOR_DONT_LINK"
2884,36203,2884,"DOOR_GOLD_KEY"
2885,36217,2885,"DOOR_SILVER_KEY"
2886,36233,2886,"DOOR_TOGGLE"
2887,36245,2887,"door_go_down"
2888,36258,2888,"door_go_up"
2889,36269,2889,"door_blocked"
2890,36282,2890,"door_hit_top"
2891,36295,2891,"door_hit_bottom"
2892,36311,2892,"door_fire"
2893,36321,2893,"oself"
2894,36327,2894,"starte"
2895,36334,2895,"door_use"
2896,36343,2896,"oself"
2897,36349,2897,"door_trigger_touch"
2898,36368,2898,"door_killed"
2899,36380,2899,"oself"
2900,36386,2900,"door_touch"
2901,36397,2901,"spawn_field"
2902,36409,2902,"fmins"
2903,36415,2903,"fmaxs"
2904,36421,2904,"trigger"
2905,36429,2905,"t1"
2906,36432,2906,"t2"
2907,36435,2907,"EntitiesTouching"
2908,36452,2908,"e1"
2909,36455,2909,"e2"
2910,36458,2910,"LinkDoors"
2911,36468,2911,"t"
2912,36470,2912,"starte"
2913,36477,2913,"cmins"
2914,36483,2914,"cmaxs"
2915,36489,2915,"fd_secret_move1"
2916,36505,2916,"fd_secret_move2"
2917,36521,2917,"fd_secret_move3"
2918,36537,2918,"fd_secret_move4"
2919,36553,2919,"fd_secret_move5"
2920,36569,2920,"fd_secret_move6"
2921,36585,2921,"fd_secret_done"
2922,36600,2922,"SECRET_OPEN_ONCE"
2923,36617,2923,"SECRET_1ST_LEFT"
2924,36633,2924,"SECRET_1ST_DOWN"
2925,36649,2925,"SECRET_NO_SHOOT"
2926,36665,2926,"SECRET_YES_SHOOT"
2927,36682,2927,"fd_secret_use"
2928,36696,2928,"temp"
2929,36701,2929,"secret_blocked"
2930,36716,2930,"secret_touch"
2931,36729,2931,"button_return"
2932,36743,2932,"button_wait"
2933,36755,2933,"button_done"
2934,36767,2934,"button_blocked"
2935,36782,2935,"button_fire"
2936,36794,2936,"button_use"
2937,36805,2937,"button_touch"
2938,36818,2938,"button_killed"
2939,36832,2939,"stemp"
2940,36838,2940,"s"
2941,36840,2941,"trigger_reactivate"
2942,36859,2942,"SPAWNFLAG_NOMESSAGE"
2943,36879,2943,"SPAWNFLAG_NOTOUCH"
2944,36897,2944,"multi_wait"
2945,36908,2945,"multi_trigger"
2946,36922,2946,"multi_killed"
2947,36935,2947,"multi_use"
2948,36945,2948,"multi_touch"
2949,36957,2949,"trigger_multiple"
2950,36974,2950,"counter_use"
2951,36986,2951,"PLAYER_ONLY"
2952,36998,2952,"SILENT"
2953,37005,2953,"play_teleport"
2954,37019,2954,"v"
2955,37021,2955,"tmpstr"
2956,37028,2956,"org"
2957,37032,2957,"tdeath_touch"
2958,37045,2958,"org"
2959,37049,2959,"death_owner"
2960,37061,2960,"death"
2961,37067,2961,"teleport_touch"
2962,37082,2962,"t"
2963,37084,2963,"e"
2964,37086,2964,"org"
2965,37090,2965,"teleport_use"
2966,37103,2966,"o"
2967,37105,2967,"trigger_skill_touch"
2968,37125,2968,"trigger_onlyregistered_touch"
2969,37154,2969,"hurt_on"
2970,37162,2970,"hurt_touch"
2971,37173,2971,"PUSH_ONCE"
2972,37183,2972,"trigger_push_touch"
2973,37202,2973,"trigger_monsterjump_touch"
2974,37228,2974,"trigger_rearm_touch"
2975,37248,2975,"pler"
2976,37253,2976,"plat_center_touch"
2977,37271,2977,"plat_trigger_use"
2978,37288,2978,"plat_go_up"
2979,37299,2979,"plat_go_down"
2980,37312,2980,"plat_crush"
2981,37323,2981,"PLAT_LOW_TRIGGER"
2982,37340,2982,"plat_spawn_inside_trigger"
2983,37366,2983,"trigger"
2984,37374,2984,"tmin"
2985,37379,2985,"tmax"
2986,37384,2986,"plat_hit_top"
2987,37397,2987,"plat_hit_bottom"
2988,37413,2988,"plat_use"
2989,37422,2989,"train_next"
2990,37433,2990,"func_train_find"
2991,37449,2991,"train_blocked"
2992,37463,2992,"train_use"
2993,37473,2993,"train_wait"
2994,37484,2994,"targ"
2995,37489,2995,"targ"
2996,37494,2996,"START_OFF"
2997,37504,2997,"light_use"
2998,37514,2998,"FireAmbient"
2999,37526,2999,"fire_fly"
3000,37535,3000,"fireball"
3001,37544,3001,"barrel_explode"
3002,37559,3002,"oldz"
3003,37564,3003,"oldz"
3004,37569,3004,"SPAWNFLAG_SUPERSPIKE"
3005,37590,3005,"SPAWNFLAG_LASER"
3006,37606,3006,"spikeshooter_use"
3007,37623,3007,"shooter_think"
3008,37637,3008,"trap_spikeshooter"
3009,37655,3009,"tmine_boom"
3010,37666,3010,"tmine_touch"
3011,37678,3011,"tmine_activated"
3012,37694,3012,"tmine_start"
3013,37706,3013,"make_bubbles"
3014,37719,3014,"bubble_remove"
3015,37733,3015,"bubble"
3016,37740,3016,"bubble_split"
3017,37753,3017,"bubble"
3018,37760,3018,"rnd1"
3019,37765,3019,"rnd2"
3020,37770,3020,"rnd3"
3021,37775,3021,"func_wall_use"
3022,37789,3022,"noise_think"
3023,37801,3023,"cutcam_think"
3024,37814,3024,"e"
3025,37816,3025,"xwall_start"
3026,37828,3026,"xwall_checktrig"
3027,37844,3027,"xwall_trigtouch"
3028,37860,3028,"xwall_preparespawn"
3029,37879,3029,"xwall_trigger"
3030,37893,3030,"xwall_pieces"
3031,37906,3031,"xwall_boom"
3032,37917,3032,"v"
3033,37919,3033,"e"
3034,37921,3034,"xwall_die"
3035,37931,3035,"func_xwall_use"
3036,37946,3036,"runway_start"
3037,37959,3037,"rway_die"
3038,37968,3038,"v"
3039,37970,3039,"e"
3040,37972,3040,"tilt_etank"
3041,37983,3041,"e"
3042,37985,3042,"turn_eturret"
3043,37998,3043,"v0"
3044,38001,3044,"sp_x"
3045,38006,3045,"v1"
3046,38009,3046,"v2"
3047,38012,3047,"v3"
3048,38015,3048,"f1"
3049,38018,3049,"f2"
3050,38021,3050,"f3"
3051,38024,3051,"sam_aim"
3052,38032,3052,"sam_launch"
3053,38043,3053,"sam_run"
3054,38051,3054,"start_monster_sam"
3055,38069,3055,"sam_stand"
3056,38079,3056,"sam_walk"
3057,38088,3057,"sam_death"
3058,38098,3058,"sam_die"
3059,38106,3059,"dir"
3060,38110,3060,"vtemp"
3061,38116,3061,"org"
3062,38120,3062,"dist"
3063,38125,3063,"v1"
3064,38128,3064,"tmp"
3065,38132,3065,"v1"
3066,38135,3066,"aag_aim"
3067,38143,3067,"aag_launch"
3068,38154,3068,"aag_run"
3069,38162,3069,"start_monster_aag"
3070,38180,3070,"aag_stand"
3071,38190,3071,"aag_walk"
3072,38199,3072,"aag_death"
3073,38209,3073,"aag_die"
3074,38217,3074,"dir"
3075,38221,3075,"vtemp"
3076,38227,3076,"org"
3077,38231,3077,"vel"
3078,38235,3078,"dist"
3079,38240,3079,"ff"
3080,38243,3080,"v1"
3081,38246,3081,"v1"
3082,38249,3082,"amg_aim"
3083,38257,3083,"amg_launch"
3084,38268,3084,"amg_run"
3085,38276,3085,"start_monster_amg"
3086,38294,3086,"amg_stand"
3087,38304,3087,"amg_walk"
3088,38313,3088,"amg_death"
3089,38323,3089,"amg_die"
3090,38331,3090,"dir"
3091,38335,3091,"vtemp"
3092,38341,3092,"org"
3093,38345,3093,"vel"
3094,38349,3094,"src"
3095,38353,3095,"dist"
3096,38358,3096,"ff"
3097,38361,3097,"v1"
3098,38364,3098,"tmp"
3099,38368,3099,"v1"
3100,38371,3100,"rad_run"
3101,38379,3101,"rad_aim"
3102,38387,3102,"start_monster_rad"
3103,38405,3103,"rad_assign"
3104,38416,3104,"RadFindTarget"
3105,38430,3105,"e"
3106,38432,3106,"r"
3107,38434,3107,"mr"
3108,38437,3108,"teststr"
3109,38445,3109,"dirstr"
3110,38452,3110,"rad_stand"
3111,38462,3111,"n"
3112,38464,3112,"rad_walk"
3113,38473,3113,"rad_death"
3114,38483,3114,"rad_die"
3115,38491,3115,"dir"
3116,38495,3116,"vtemp"
3117,38501,3117,"org"
3118,38505,3118,"e"
3119,38507,3119,"temp"
3120,38512,3120,"mr"
3121,38515,3121,"r"
3122,38517,3122,"v1"
3123,38520,3123,"drone_sound"
3124,38532,3124,"tmp"
3125,38536,3125,"f1"
3126,38539,3126,"veh"
3127,38543,3127,"T_DroneTouch"
3128,38556,3128,"drone_die"
3129,38566,3129,"drone_fly"
3130,38576,3130,"v0"
3131,38579,3131,"v1"
3132,38582,3132,"v2"
3133,38585,3133,"v3"
3134,38588,3134,"ab"
3135,38591,3135,"drone_start"
3136,38603,3136,"drone_auto"
3137,38614,3137,"v0"
3138,38617,3138,"drone_cannon"
3139,38630,3139,"v0"
3140,38633,3140,"drone_bombs"
3141,38645,3141,"v0"
3142,38648,3142,"drone_pave"
3143,38659,3143,"v0"
3144,38662,3144,"e"
3145,38664,3145,"drone_maver"
3146,38676,3146,"v0"
3147,38679,3147,"e"
3148,38681,3148,"drone_sider"
3149,38693,3149,"v0"
3150,38696,3150,"drone2_fly"
3151,38707,3151,"v0"
3152,38710,3152,"v1"
3153,38713,3153,"v2"
3154,38716,3154,"v3"
3155,38719,3155,"ab"
3156,38722,3156,"dist"
3157,38727,3157,"r"
3158,38729,3158,"mr"
3159,38732,3159,"temp"
3160,38737,3160,"drone2_start"
3161,38750,3161,"turn_hedrone"
3162,38763,3162,"hedrone_run"
3163,38775,3163,"Drone_aim"
3164,38785,3164,"minim"
3165,38791,3165,"maxdist"
3166,38799,3166,"e"
3167,38801,3167,"re"
3168,38804,3168,"f1"
3169,38807,3169,"f2"
3170,38810,3170,"flg"
3171,38814,3171,"v1"
3172,38817,3172,"v2"
3173,38820,3173,"org"
3174,38824,3174,"he_movetogoal"
3175,38838,3175,"v0"
3176,38841,3176,"v1"
3177,38844,3177,"v2"
3178,38847,3178,"v3"
3179,38850,3179,"tmp"
3180,38854,3180,"tmp2"
3181,38859,3181,"e"
3182,38861,3182,"e2"
3183,38864,3183,"v0"
3184,38867,3184,"v1"
3185,38870,3185,"v2"
3186,38873,3186,"v3"
3187,38876,3187,"T_hedroneTouch"
3188,38891,3188,"hedrone_die"
3189,38903,3189,"hedrone_stand"
3190,38917,3190,"v0"
3191,38920,3191,"oth"
3192,38924,3192,"hedrone_walk"
3193,38937,3193,"oth"
3194,38941,3194,"v0"
3195,38944,3195,"v1"
3196,38947,3196,"v2"
3197,38950,3197,"v3"
3198,38953,3198,"tmp"
3199,38957,3199,"oth"
3200,38961,3200,"hedrone_start"
3201,38975,3201,"dummycraft_touch"
3202,38992,3202,"dummycraft_die"
3203,39007,3203,"etank_sound"
3204,39019,3204,"tmp"
3205,39023,3205,"etank_die"
3206,39033,3206,"etank_stand"
3207,39045,3207,"etank_walk"
3208,39056,3208,"v0"
3209,39059,3209,"v1"
3210,39062,3210,"etank_run"
3211,39072,3211,"v0"
3212,39075,3212,"v1"
3213,39078,3213,"v2"
3214,39081,3214,"tmp"
3215,39085,3215,"dist"
3216,39090,3216,"etank_shoot"
3217,39102,3217,"v0"
3218,39105,3218,"etank_start"
3219,39117,3219,"emsam_run"
3220,39127,3220,"v0"
3221,39130,3221,"v1"
3222,39133,3222,"tmp"
3223,39137,3223,"emsam_shoot"
3224,39149,3224,"v0"
3225,39152,3225,"emsam_start"
3226,39164,3226,"ehmmv_sound"
3227,39176,3227,"tmp"
3228,39180,3228,"ehmmv_stand"
3229,39192,3229,"ehmmv_walk"
3230,39203,3230,"v0"
3231,39206,3231,"v1"
3232,39209,3232,"ehmmv_run"
3233,39219,3233,"v0"
3234,39222,3234,"v1"
3235,39225,3235,"v2"
3236,39228,3236,"tmp"
3237,39232,3237,"dist"
3238,39237,3238,"ehmmv_start"
3239,39249,3239,""
3240,39250,3240,""
3241,39251,3241,""
